timestamp,currentGold,level,xp,minionsKilled,win,loss,firstBlood,firstTower
0,500,1,0,0,0,1,0,0
0,500,1,0,0,0,1,0,0
0,500,1,0,0,0,1,0,0
0,500,1,0,0,0,1,0,0
0,500,1,0,0,0,1,0,0
0,500,1,0,0,1,0,1,1
0,500,1,0,0,1,0,1,1
0,500,1,0,0,1,0,1,1
0,500,1,0,0,1,0,1,1
0,500,1,0,0,1,0,1,1
60005,0,1,0,0,0,1,0,0
60005,0,1,0,0,0,1,0,0
60005,0,1,0,0,0,1,0,0
60005,0,1,0,0,0,1,0,0
60005,0,1,0,0,0,1,0,0
60005,0,1,0,0,1,0,1,1
60005,0,1,0,0,1,0,1,1
60005,0,1,0,0,1,0,1,1
60005,0,1,0,0,1,0,1,1
60005,0,1,0,0,1,0,1,1
120010,62,1,120,2,0,1,0,0
120010,169,2,427,0,0,1,0,0
120010,76,1,270,3,0,1,0,0
120010,97,1,131,4,0,1,0,0
120010,36,1,131,1,0,1,0,0
120010,41,1,181,1,1,0,1,1
120010,135,2,335,0,1,0,1,1
120010,41,1,181,1,1,0,1,1
120010,62,1,120,2,1,0,1,1
120010,25,1,0,0,1,0,1,1
180038,392,3,845,11,0,1,0,0
180038,892,3,803,0,0,1,0,0
180038,276,3,722,7,0,1,0,0
180038,11,2,389,8,0,1,0,0
180038,785,2,413,2,0,1,0,0
180038,255,2,541,7,1,0,1,1
180038,853,3,695,0,1,0,1,1
180038,164,3,811,1,1,0,1,1
180038,300,2,300,4,1,0,1,1
180038,43,1,118,0,1,0,1,1
240057,655,4,1296,19,0,1,0,0
240057,1092,3,990,0,0,1,0,0
240057,498,4,1265,11,0,1,0,0
240057,175,2,510,10,0,1,0,0
240057,955,3,713,4,0,1,0,0
240057,529,4,1235,14,1,0,1,1
240057,278,3,881,0,1,0,1,1
240057,308,4,1143,2,1,0,1,1
240057,559,3,751,10,1,0,1,1
240057,257,2,569,2,1,0,1,1
300061,1015,5,1959,31,0,1,0,0
300061,39,3,990,0,0,1,0,0
300061,764,5,1929,17,0,1,0,0
300061,472,3,831,17,0,1,0,0
300061,1194,3,1035,7,0,1,0,0
300061,191,5,1763,18,1,0,1,1
300061,1245,4,1537,0,1,0,1,1
300061,465,5,1867,4,1,0,1,1
300061,815,3,1109,15,1,0,1,1
300061,519,3,927,5,1,0,1,1
360073,163,5,2019,31,0,1,0,0
360073,162,3,1134,0,0,1,0,0
360073,150,5,2111,20,0,1,0,0
360073,1089,4,1333,27,0,1,0,0
360073,1508,4,1536,9,0,1,0,0
360073,461,5,2184,26,1,0,1,1
360073,1873,5,2009,0,1,0,1,1
360073,388,5,2075,4,1,0,1,1
360073,158,4,1356,20,1,0,1,1
360073,22,3,1115,5,1,0,1,1
420099,355,5,2290,35,0,1,0,0
420099,818,5,1747,1,0,1,0,0
420099,667,6,3035,33,0,1,0,0
420099,182,4,1502,31,0,1,0,0
420099,13,4,1705,10,0,1,0,0
420099,831,6,2788,38,1,0,1,1
420099,2285,6,2563,0,1,0,1,1
420099,573,6,2556,8,1,0,1,1
420099,393,5,1821,26,1,0,1,1
420099,160,4,1340,5,1,0,1,1
480109,637,6,2954,42,0,1,0,0
480109,1192,5,2126,3,0,1,0,0
480109,88,7,3609,38,0,1,0,0
480109,622,5,2075,39,0,1,0,0
480109,759,5,2218,14,0,1,0,0
480109,1093,7,3362,46,1,0,1,1
480109,457,6,2563,0,1,0,1,1
480109,295,6,2886,10,1,0,1,1
480109,578,5,2085,30,1,0,1,1
480109,383,4,1604,5,1,0,1,1
540130,774,6,2984,43,0,1,0,0
540130,1595,6,2477,3,0,1,0,0
540130,369,8,4190,46,0,1,0,0
540130,908,6,2418,45,0,1,0,0
540130,952,6,2561,15,0,1,0,0
540130,34,7,3954,55,1,0,1,1
540130,1155,7,3314,0,1,0,1,1
540130,481,7,3277,14,1,0,1,1
540130,298,5,2280,32,1,0,1,1
540130,178,4,1679,5,1,0,1,1
600150,980,7,3254,48,0,1,0,0
600150,152,6,2710,3,0,1,0,0
600150,491,8,4190,46,0,1,0,0
600150,1519,6,3019,55,0,1,0,0
600150,153,6,2889,16,0,1,0,0
600150,333,8,4269,57,1,0,1,1
600150,2163,8,4179,1,1,0,1,1
600150,268,7,3889,21,1,0,1,1
600150,456,6,2471,34,1,0,1,1
600150,338,5,1818,6,1,0,1,1
660174,128,7,3391,48,0,1,0,0
660174,394,6,3095,6,0,1,0,0
660174,698,8,4517,51,0,1,0,0
660174,310,7,3297,57,0,1,0,0
660174,336,7,3306,19,0,1,0,0
660174,666,8,4810,69,1,0,1,1
660174,210,8,4179,1,1,0,1,1
660174,687,8,4552,36,1,0,1,1
660174,779,6,2773,42,1,0,1,1
660174,565,5,2120,6,1,0,1,1
720195,355,7,3601,48,0,1,0,0
720195,266,7,3362,6,0,1,0,0
720195,1230,9,5243,55,0,1,0,0
720195,996,7,3902,68,0,1,0,0
720195,736,7,3820,21,0,1,0,0
720195,1066,9,5443,82,1,0,1,1
720195,752,8,4523,1,1,0,1,1
720195,115,8,4956,39,1,0,1,1
720195,467,6,2773,42,1,0,1,1
720195,43,5,2391,8,1,0,1,1
780225,628,7,3757,50,0,1,0,0
780225,389,7,3518,6,0,1,0,0
780225,1471,9,5782,62,0,1,0,0
780225,1401,8,4313,71,0,1,0,0
780225,974,8,4127,23,0,1,0,0
780225,1484,10,6288,95,1,0,1,1
780225,1065,9,5098,1,1,0,1,1
780225,328,9,5352,45,1,0,1,1
780225,159,6,2886,44,1,0,1,1
780225,309,6,2707,12,1,0,1,1
840245,381,8,4171,58,0,1,0,0
840245,923,7,3932,13,0,1,0,0
840245,339,9,6035,64,0,1,0,0
840245,137,8,4600,72,0,1,0,0
840245,325,8,4410,25,0,1,0,0
840245,831,10,7104,103,1,0,1,1
840245,1957,9,5253,1,1,0,1,1
840245,1759,9,5987,55,1,0,1,1
840245,1782,8,4943,50,1,0,1,1
840245,310,6,2885,12,1,0,1,1
900270,250,8,4506,62,0,1,0,0
900270,1269,8,4416,13,0,1,0,0
900270,643,10,6428,71,0,1,0,0
900270,491,9,5262,82,0,1,0,0
900270,549,8,4561,26,0,1,0,0
900270,38,11,7374,108,1,0,1,1
900270,2210,9,5758,1,1,0,1,1
900270,306,9,5987,55,1,0,1,1
900270,2010,9,5395,56,1,0,1,1
900270,450,6,2885,12,1,0,1,1
960296,257,8,4866,67,0,1,0,0
960296,137,8,4599,13,0,1,0,0
960296,1028,10,7151,83,0,1,0,0
960296,1824,10,6420,92,0,1,0,0
960296,1213,9,5620,32,0,1,0,0
960296,806,11,8312,123,1,0,1,1
960296,2811,10,6577,1,1,0,1,1
960296,928,10,6799,63,1,0,1,1
960296,695,9,5584,60,1,0,1,1
960296,50,7,4057,15,1,0,1,1
1020297,554,9,5259,70,0,1,0,0
1020297,394,8,4782,13,0,1,0,0
1020297,1249,11,7636,86,0,1,0,0
1020297,66,10,6691,96,0,1,0,0
1020297,154,9,5620,32,0,1,0,0
1020297,279,12,8947,136,1,0,1,1
1020297,3224,10,7206,1,1,0,1,1
1020297,1092,10,6892,66,1,0,1,1
1020297,971,9,6006,65,1,0,1,1
1020297,232,8,4283,17,1,0,1,1
1080304,257,9,5682,77,0,1,0,0
1080304,117,9,5780,16,0,1,0,0
1080304,327,11,8100,87,0,1,0,0
1080304,245,10,6932,99,0,1,0,0
1080304,619,10,6492,39,0,1,0,0
1080304,450,12,9370,139,1,0,1,1
1080304,4245,11,7915,2,1,0,1,1
1080304,129,11,7354,66,1,0,1,1
1080304,1607,10,7006,70,1,0,1,1
1080304,573,8,4847,18,1,0,1,1
1140334,443,9,5953,81,0,1,0,0
1140334,249,9,6005,16,0,1,0,0
1140334,644,12,8590,94,0,1,0,0
1140334,73,11,8239,106,0,1,0,0
1140334,324,10,6492,39,0,1,0,0
1140334,22,12,9370,139,1,0,1,1
1140334,207,12,8789,7,1,0,1,1
1140334,329,11,7650,70,1,0,1,1
1140334,529,10,7006,70,1,0,1,1
1140334,847,9,5352,25,1,0,1,1
1200352,579,10,6451,82,0,1,0,0
1200352,910,10,6616,20,0,1,0,0
1200352,1036,12,9522,101,0,1,0,0
1200352,620,12,8647,106,0,1,0,0
1200352,539,10,6925,39,0,1,0,0
1200352,717,12,9944,150,1,0,1,1
1200352,1604,12,9556,7,1,0,1,1
1200352,585,11,7781,75,1,0,1,1
1200352,1172,11,8060,71,1,0,1,1
1200352,1534,10,6804,32,1,0,1,1
1260355,405,10,7187,95,0,1,0,0
1260355,287,10,7212,25,0,1,0,0
1260355,379,12,9804,102,0,1,0,0
1260355,164,12,8707,107,0,1,0,0
1260355,255,10,6992,39,0,1,0,0
1260355,128,13,10550,158,1,0,1,1
1260355,1911,12,9913,10,1,0,1,1
1260355,492,11,8174,81,1,0,1,1
1260355,549,11,8273,75,1,0,1,1
1260355,1148,10,7093,34,1,0,1,1
1320373,218,11,7581,100,0,1,0,0
1320373,644,11,7707,25,0,1,0,0
1320373,662,13,10168,107,0,1,0,0
1320373,851,12,9674,119,0,1,0,0
1320373,591,11,7692,40,0,1,0,0
1320373,743,14,11510,172,1,0,1,1
1320373,2216,13,10215,12,1,0,1,1
1320373,1019,11,8445,87,1,0,1,1
1320373,802,11,8521,78,1,0,1,1
1320373,331,11,7336,39,1,0,1,1
1380384,768,12,8748,111,0,1,0,0
1380384,1078,12,8667,27,0,1,0,0
1380384,996,13,10631,112,0,1,0,0
1380384,273,12,9834,119,0,1,0,0
1380384,1252,12,8783,45,0,1,0,0
1380384,89,14,11873,178,1,0,1,1
1380384,2517,13,10702,14,1,0,1,1
1380384,779,12,9384,94,1,0,1,1
1380384,575,12,9200,78,1,0,1,1
1380384,157,11,7714,40,1,0,1,1
1440402,233,12,8898,114,0,1,0,0
1440402,293,12,9119,31,0,1,0,0
1440402,297,13,10800,115,0,1,0,0
1440402,569,13,10351,124,0,1,0,0
1440402,1652,12,9347,56,0,1,0,0
1440402,350,14,12086,182,1,0,1,1
1440402,3044,14,11570,14,1,0,1,1
1440402,1028,12,9591,94,1,0,1,1
1440402,850,12,9528,83,1,0,1,1
1440402,303,11,7772,40,1,0,1,1
1500433,30,12,9269,114,0,1,0,0
1500433,245,12,9483,31,0,1,0,0
1500433,600,13,10800,115,0,1,0,0
1500433,991,13,10965,124,0,1,0,0
1500433,1897,12,9705,57,0,1,0,0
1500433,1198,14,12708,186,1,0,1,1
1500433,2130,14,12243,15,1,0,1,1
1500433,1488,13,10442,98,1,0,1,1
1500433,1596,13,10286,83,1,0,1,1
1500433,96,11,8370,43,1,0,1,1
1560452,216,12,9812,118,0,1,0,0
1560452,453,12,9671,31,0,1,0,0
1560452,1202,14,11976,116,0,1,0,0
1560452,1403,14,11772,128,0,1,0,0
1560452,2948,13,10513,58,0,1,0,0
1560452,570,14,12851,186,1,0,1,1
1560452,537,14,12749,15,1,0,1,1
1560452,110,13,10562,98,1,0,1,1
1560452,54,13,10736,83,1,0,1,1
1560452,317,12,8739,43,1,0,1,1
1620470,541,13,10115,123,0,1,0,0
1620470,414,13,10400,36,0,1,0,0
1620470,125,14,11976,116,0,1,0,0
1620470,578,14,12136,133,0,1,0,0
1620470,68,13,10513,58,0,1,0,0
1620470,1044,15,13480,195,1,0,1,1
1620470,1310,15,13699,17,1,0,1,1
1620470,383,13,10932,98,1,0,1,1
1620470,204,13,10979,85,1,0,1,1
1620470,814,12,9648,56,1,0,1,1
1680475,163,13,10115,123,0,1,0,0
1680475,1137,13,11342,36,0,1,0,0
1680475,247,14,12310,116,0,1,0,0
1680475,1842,15,13699,135,0,1,0,0
1680475,509,13,11285,58,0,1,0,0
1680475,1120,15,13963,195,1,0,1,1
1680475,870,15,14020,17,1,0,1,1
1680475,217,14,11529,98,1,0,1,1
1680475,489,14,11585,88,1,0,1,1
1680475,714,13,10011,56,1,0,1,1
1740507,642,13,10932,134,0,1,0,0
1740507,1684,14,12169,36,0,1,0,0
1740507,607,14,12897,123,0,1,0,0
1740507,833,15,13832,138,0,1,0,0
1740507,919,14,11649,58,0,1,0,0
1740507,542,15,14112,195,1,0,1,1
1740507,1138,15,14414,21,1,0,1,1
1740507,369,14,11566,99,1,0,1,1
1740507,695,14,11970,93,1,0,1,1
1740507,857,13,10125,56,1,0,1,1
1800509,1019,14,12065,140,0,1,0,0
1800509,231,14,12450,39,0,1,0,0
1800509,1036,15,13586,133,0,1,0,0
1800509,983,15,13983,140,0,1,0,0
1800509,1514,14,12656,64,0,1,0,0
1800509,1916,17,16522,212,1,0,1,1
1800509,1811,16,15844,24,1,0,1,1
1800509,52,14,12366,99,1,0,1,1
1800509,543,14,12808,93,1,0,1,1
1800509,358,13,11176,58,1,0,1,1
1860512,425,14,12838,140,0,1,0,0
1860512,183,14,12712,39,0,1,0,0
1860512,807,15,14220,136,0,1,0,0
1860512,486,15,13983,140,0,1,0,0
1860512,128,15,13410,65,0,1,0,0
1860512,64,17,16522,212,1,0,1,1
1860512,1419,17,16760,25,1,0,1,1
1860512,699,15,13535,99,1,0,1,1
1860512,1722,15,14219,99,1,0,1,1
1860512,551,13,11373,58,1,0,1,1
1920531,548,14,12902,140,0,1,0,0
1920531,545,15,13072,41,0,1,0,0
1920531,144,15,14283,137,0,1,0,0
1920531,216,15,14476,143,0,1,0,0
1920531,354,15,13538,65,0,1,0,0
1920531,663,17,17635,228,1,0,1,1
1920531,1626,17,17021,25,1,0,1,1
1920531,372,15,13633,99,1,0,1,1
1920531,200,15,14488,106,1,0,1,1
1920531,354,14,11703,58,1,0,1,1
1980550,760,15,13310,140,0,1,0,0
1980550,942,15,13441,41,0,1,0,0
1980550,302,15,14548,139,0,1,0,0
1980550,513,16,14923,149,0,1,0,0
1980550,564,15,13879,65,0,1,0,0
1980550,1131,17,18200,233,1,0,1,1
1980550,2182,17,17694,26,1,0,1,1
1980550,826,15,14332,102,1,0,1,1
1980550,1307,16,15521,114,1,0,1,1
1980550,689,14,12303,58,1,0,1,1
2040571,393,15,13442,142,0,1,0,0
2040571,1285,15,13926,41,0,1,0,0
2040571,627,16,15214,147,0,1,0,0
2040571,495,16,15420,157,0,1,0,0
2040571,789,15,14008,65,0,1,0,0
2040571,1377,18,19231,251,1,0,1,1
2040571,2866,18,18920,27,1,0,1,1
2040571,448,15,14355,102,1,0,1,1
2040571,1450,16,15696,115,1,0,1,1
2040571,521,14,12597,62,1,0,1,1
2100577,550,15,14004,144,0,1,0,0
2100577,1465,15,14224,44,0,1,0,0
2100577,975,16,15711,156,0,1,0,0
2100577,1152,16,16021,172,0,1,0,0
2100577,928,15,14008,65,0,1,0,0
2100577,1694,18,19594,258,1,0,1,1
2100577,105,18,20115,35,1,0,1,1
2100577,873,16,14888,104,1,0,1,1
2100577,1859,16,16334,127,1,0,1,1
2100577,670,14,12843,62,1,0,1,1
2160582,1493,15,14568,146,0,1,0,0
2160582,1751,16,14858,48,0,1,0,0
2160582,1292,17,16675,163,0,1,0,0
2160582,2324,17,16806,178,0,1,0,0
2160582,1168,15,14682,65,0,1,0,0
2160582,1185,18,20398,271,1,0,1,1
2160582,1183,18,20268,35,1,0,1,1
2160582,1160,16,15164,105,1,0,1,1
2160582,365,17,16592,132,1,0,1,1
2160582,905,15,13175,63,1,0,1,1
2220589,415,15,14568,146,0,1,0,0
2220589,1003,16,14858,48,0,1,0,0
2220589,80,17,16675,163,0,1,0,0
2220589,2712,17,17297,185,0,1,0,0
2220589,417,16,15289,73,0,1,0,0
2220589,508,18,20398,271,1,0,1,1
2220589,1961,18,21442,40,1,0,1,1
2220589,483,16,15386,105,1,0,1,1
2220589,852,17,17497,133,1,0,1,1
2220589,199,15,14241,64,1,0,1,1
2280606,622,16,15024,151,0,1,0,0
2280606,1295,16,15334,48,0,1,0,0
2280606,202,17,16675,163,0,1,0,0
2280606,837,17,17550,189,0,1,0,0
2280606,713,16,15669,80,0,1,0,0
2280606,1114,18,21071,277,1,0,1,1
2280606,2170,18,21825,41,1,0,1,1
2280606,668,16,15770,109,1,0,1,1
2280606,1448,17,18195,136,1,0,1,1
2280606,472,16,14786,64,1,0,1,1
2340623,744,16,15024,151,0,1,0,0
2340623,193,16,15788,48,0,1,0,0
2340623,625,17,16923,163,0,1,0,0
2340623,621,17,17886,191,0,1,0,0
2340623,428,16,16115,83,0,1,0,0
2340623,1374,18,21272,278,1,0,1,1
2340623,2342,18,22054,41,1,0,1,1
2340623,949,16,16070,113,1,0,1,1
2340623,623,18,18558,139,1,0,1,1
2340623,1075,16,15086,66,1,0,1,1
2400624,1016,16,15801,151,0,1,0,0
2400624,1518,17,17130,54,0,1,0,0
2400624,382,17,17628,163,0,1,0,0
2400624,1794,18,18885,194,0,1,0,0
2400624,564,16,16238,84,0,1,0,0
2400624,1496,18,21392,278,1,0,1,1
2400624,2605,18,22564,42,1,0,1,1
2400624,1236,17,16741,114,1,0,1,1
2400624,1114,18,19082,139,1,0,1,1
2400624,168,16,15696,66,1,0,1,1
2460656,1160,16,15878,152,0,1,0,0
2460656,1726,17,17338,54,0,1,0,0
2460656,534,17,17665,164,0,1,0,0
2460656,2128,18,19266,196,0,1,0,0
2460656,903,17,16653,88,0,1,0,0
2460656,2478,18,22663,299,1,0,1,1
2460656,2807,18,22844,43,1,0,1,1
2460656,172,17,16920,115,1,0,1,1
2460656,1446,18,19273,144,1,0,1,1
2460656,619,16,16150,73,1,0,1,1
2520687,1395,16,16296,152,0,1,0,0
2520687,1116,18,18652,60,0,1,0,0
2520687,1348,18,19043,170,0,1,0,0
2520687,3459,18,20608,203,0,1,0,0
2520687,1470,17,17892,95,0,1,0,0
2520687,420,18,23176,299,1,0,1,1
2520687,3075,18,23254,43,1,0,1,1
2520687,345,17,17377,115,1,0,1,1
2520687,1944,18,19683,144,1,0,1,1
2520687,1112,17,16607,73,1,0,1,1
2580714,1545,17,16523,154,0,1,0,0
2580714,1516,18,19061,68,0,1,0,0
2580714,1582,18,19240,172,0,1,0,0
2580714,3388,18,21154,213,0,1,0,0
2580714,1593,17,17892,95,0,1,0,0
2580714,937,18,23817,301,1,0,1,1
2580714,3197,18,23254,43,1,0,1,1
2580714,467,17,17377,115,1,0,1,1
2580714,2066,18,19683,144,1,0,1,1
2580714,1273,17,16728,74,1,0,1,1
2640738,167,17,16523,154,0,1,0,0
2640738,1638,18,19061,68,0,1,0,0
2640738,573,18,19453,175,0,1,0,0
2640738,3510,18,21154,213,0,1,0,0
2640738,107,17,18056,97,0,1,0,0
2640738,2251,18,25262,308,1,0,1,1
2640738,4056,18,24659,47,1,0,1,1
2640738,1877,18,19121,115,1,0,1,1
2640738,2888,18,21329,144,1,0,1,1
2640738,2100,17,18275,76,1,0,1,1
2700738,190,17,16523,154,0,1,0,0
2700738,-79,18,19061,68,0,1,0,0
2700738,275,18,19453,175,0,1,0,0
2700738,3352,18,21154,213,0,1,0,0
2700738,-1010,17,18056,97,0,1,0,0
2700738,1674,18,25497,310,1,0,1,1
2700738,2228,18,24894,47,1,0,1,1
2700738,1809,18,19121,115,1,0,1,1
2700738,2850,18,21564,144,1,0,1,1
2700738,2230,18,18510,76,1,0,1,1
0,500,1,0,0,0,1,0,0
0,500,1,0,0,0,1,0,0
0,500,1,0,0,0,1,0,0
0,500,1,0,0,0,1,0,0
0,500,1,0,0,0,1,0,0
0,500,1,0,0,1,0,1,1
0,500,1,0,0,1,0,1,1
0,500,1,0,0,1,0,1,1
0,500,1,0,0,1,0,1,1
0,500,1,0,0,1,0,1,1
60027,0,1,0,0,0,1,0,0
60027,0,1,0,0,0,1,0,0
60027,0,1,0,0,0,1,0,0
60027,0,1,0,0,0,1,0,0
60027,0,1,0,0,0,1,0,0
60027,0,1,0,0,1,0,1,1
60027,0,1,0,0,1,0,1,1
60027,0,1,0,0,1,0,1,1
60027,0,1,0,0,1,0,1,1
60027,0,1,0,0,1,0,1,1
120042,98,1,211,4,0,1,0,0
120042,170,2,427,0,0,1,0,0
120042,112,1,240,5,0,1,0,0
120042,63,1,113,2,0,1,0,0
120042,23,1,113,0,0,1,0,0
120042,42,1,120,1,1,0,1,1
120042,182,2,445,0,1,0,1,1
120042,105,1,270,5,1,0,1,1
120042,84,1,113,3,1,0,1,1
120042,65,1,113,2,1,0,1,1
180077,395,3,722,14,0,1,0,0
180077,463,3,824,0,0,1,0,0
180077,339,3,776,11,0,1,0,0
180077,276,2,367,7,0,1,0,0
180077,197,2,338,0,0,1,0,0
180077,234,3,722,5,1,0,1,1
180077,548,3,865,0,1,0,1,1
180077,325,3,752,10,1,0,1,1
180077,448,2,545,14,1,0,1,1
180077,259,2,545,3,1,0,1,1
240104,704,4,1274,22,0,1,0,0
240104,677,3,1066,1,0,1,0,0
240104,48,4,1366,20,0,1,0,0
240104,564,3,782,14,0,1,0,0
240104,372,3,752,0,0,1,0,0
240104,165,4,1175,12,1,0,1,1
240104,848,4,1221,0,1,0,1,1
240104,609,4,1353,20,1,0,1,1
240104,1139,3,908,23,1,0,1,1
240104,636,3,908,5,1,0,1,1
300137,1099,5,1968,35,0,1,0,0
300137,1089,4,1586,1,0,1,0,0
300137,363,5,1849,29,0,1,0,0
300137,341,4,1253,23,0,1,0,0
300137,281,3,921,0,0,1,0,0
300137,332,4,1659,19,1,0,1,1
300137,105,4,1463,0,1,0,1,1
300137,127,4,1716,23,1,0,1,1
300137,36,4,1190,31,1,0,1,1
300137,58,4,1190,6,1,0,1,1
360160,1519,6,2539,43,0,1,0,0
360160,225,5,1927,3,0,1,0,0
360160,619,5,2209,37,0,1,0,0
360160,702,5,1731,34,0,1,0,0
360160,496,4,1278,0,0,1,0,0
360160,197,5,1809,21,1,0,1,1
360160,463,5,1890,0,1,0,1,1
360160,467,5,2380,33,1,0,1,1
360160,306,4,1490,39,1,0,1,1
360160,235,4,1550,8,1,0,1,1
420165,141,6,2620,43,0,1,0,0
420165,507,5,2299,3,0,1,0,0
420165,972,6,2839,48,0,1,0,0
420165,898,5,2031,38,0,1,0,0
420165,718,4,1578,2,0,1,0,0
420165,560,6,2503,33,1,0,1,1
420165,170,5,2274,1,1,0,1,1
420165,757,6,2892,42,1,0,1,1
420165,669,5,1886,50,1,0,1,1
420165,456,5,1946,10,1,0,1,1
480195,596,7,3273,46,0,1,0,0
480195,1152,6,2945,6,0,1,0,0
480195,36,7,3474,57,0,1,0,0
480195,1260,5,2352,48,0,1,0,0
480195,912,5,1899,2,0,1,0,0
480195,1048,7,3342,43,1,0,1,1
480195,712,6,2726,1,1,0,1,1
480195,171,7,3285,49,1,0,1,1
480195,1035,5,2281,61,1,0,1,1
480195,680,5,2342,12,1,0,1,1
540201,368,7,3334,46,0,1,0,0
540201,279,6,3161,6,0,1,0,0
540201,350,8,4085,66,0,1,0,0
540201,142,6,2529,51,0,1,0,0
540201,302,5,1955,2,0,1,0,0
540201,306,7,3610,45,1,0,1,1
540201,1480,7,3609,7,1,0,1,1
540201,489,7,3979,58,1,0,1,1
540201,1971,6,2976,75,1,0,1,1
540201,1396,6,3037,13,1,0,1,1
600233,1031,8,4091,59,0,1,0,0
600233,802,7,3667,6,0,1,0,0
600233,661,8,4626,77,0,1,0,0
600233,837,6,3111,63,0,1,0,0
600233,151,6,2474,2,0,1,0,0
600233,519,7,4004,50,1,0,1,1
600233,1934,8,4364,10,1,0,1,1
600233,800,8,4520,69,1,0,1,1
600233,118,6,2976,75,1,0,1,1
600233,36,6,3037,13,1,0,1,1
660244,829,8,4268,59,0,1,0,0
660244,1161,8,4199,6,0,1,0,0
660244,1023,9,5224,83,0,1,0,0
660244,481,7,3467,66,0,1,0,0
660244,946,6,2727,2,0,1,0,0
660244,1066,8,4728,62,1,0,1,1
660244,2087,8,4495,11,1,0,1,1
660244,1142,9,5154,79,1,0,1,1
660244,30,7,3286,81,1,0,1,1
660244,329,7,3410,18,1,0,1,1
720248,535,8,4991,72,0,1,0,0
720248,1448,8,4534,7,0,1,0,0
720248,1327,9,5844,94,0,1,0,0
720248,885,7,3978,82,0,1,0,0
720248,1167,7,3238,3,0,1,0,0
720248,1510,9,5091,68,1,0,1,1
720248,284,8,4837,11,1,0,1,1
720248,1528,9,5789,91,1,0,1,1
720248,349,7,3550,89,1,0,1,1
720248,589,7,3885,21,1,0,1,1
780281,208,8,4991,72,0,1,0,0
780281,226,8,4766,7,0,1,0,0
780281,93,9,6114,99,0,1,0,0
780281,1192,8,4316,92,0,1,0,0
780281,1427,7,3576,3,0,1,0,0
780281,2490,10,6282,82,1,0,1,1
780281,1291,9,6050,11,1,0,1,1
780281,516,9,6059,96,1,0,1,1
780281,646,8,4062,97,1,0,1,1
780281,80,7,4007,21,1,0,1,1
840314,893,9,5751,83,0,1,0,0
840314,423,8,4995,7,0,1,0,0
840314,532,10,6868,115,0,1,0,0
840314,215,8,4484,92,0,1,0,0
840314,763,7,3734,3,0,1,0,0
840314,582,10,6613,89,1,0,1,1
840314,2029,10,7027,11,1,0,1,1
840314,794,10,6700,103,1,0,1,1
840314,199,8,4503,110,1,0,1,1
840314,432,8,4431,24,1,0,1,1
900345,1240,10,6272,91,0,1,0,0
900345,896,9,5707,8,0,1,0,0
900345,963,11,7435,120,0,1,0,0
900345,478,8,4871,99,0,1,0,0
900345,1093,8,4389,3,0,1,0,0
900345,1301,10,7247,98,1,0,1,1
900345,2332,11,7356,11,1,0,1,1
900345,1043,10,6959,108,1,0,1,1
900345,427,8,4715,113,1,0,1,1
900345,582,8,4659,26,1,0,1,1
960361,116,10,6695,99,0,1,0,0
960361,73,9,5936,8,0,1,0,0
960361,1250,11,7858,126,0,1,0,0
960361,837,9,5213,108,0,1,0,0
960361,1419,8,4879,3,0,1,0,0
960361,2121,11,8501,106,1,0,1,1
960361,145,11,7859,11,1,0,1,1
960361,1337,11,7383,114,1,0,1,1
960361,813,9,5131,124,1,0,1,1
960361,723,8,4893,26,1,0,1,1
1020368,329,11,7325,105,0,1,0,0
1020368,555,10,6977,8,0,1,0,0
1020368,460,11,8286,127,0,1,0,0
1020368,1070,9,5382,114,0,1,0,0
1020368,518,9,5309,4,0,1,0,0
1020368,270,12,8834,111,1,0,1,1
1020368,1350,12,9213,16,1,0,1,1
1020368,342,11,7774,121,1,0,1,1
1020368,213,9,5261,126,1,0,1,1
1020368,384,9,5791,27,1,0,1,1
1080398,619,11,7561,110,0,1,0,0
1080398,1029,11,7905,12,0,1,0,0
1080398,758,12,8795,138,0,1,0,0
1080398,1753,9,5835,122,0,1,0,0
1080398,114,9,5563,7,0,1,0,0
1080398,954,12,9408,118,1,0,1,1
1080398,541,12,9537,20,1,0,1,1
1080398,810,11,8157,128,1,0,1,1
1080398,730,9,5915,135,1,0,1,1
1080398,1077,10,6307,29,1,0,1,1
1140414,1013,11,8255,122,0,1,0,0
1140414,1384,11,8448,14,0,1,0,0
1140414,1117,12,9287,148,0,1,0,0
1140414,1906,9,5850,123,0,1,0,0
1140414,255,9,5691,7,0,1,0,0
1140414,1308,12,9854,125,1,0,1,1
1140414,1089,13,10399,26,1,0,1,1
1140414,1119,11,8428,133,1,0,1,1
1140414,1047,10,6447,142,1,0,1,1
1140414,117,10,6335,29,1,0,1,1
1200446,1239,12,8660,125,0,1,0,0
1200446,425,11,8535,14,0,1,0,0
1200446,1496,12,9834,156,0,1,0,0
1200446,269,9,6104,124,0,1,0,0
1200446,416,9,6058,8,0,1,0,0
1200446,1703,13,10581,134,1,0,1,1
1200446,1621,13,10939,26,1,0,1,1
1200446,1528,12,9146,143,1,0,1,1
1200446,130,10,6447,142,1,0,1,1
1200446,308,10,6418,29,1,0,1,1
1260457,1706,12,9296,129,0,1,0,0
1260457,683,12,8882,14,0,1,0,0
1260457,358,12,9948,157,0,1,0,0
1260457,503,10,6315,126,0,1,0,0
1260457,685,10,6407,15,0,1,0,0
1260457,986,13,10581,134,1,0,1,1
1260457,2154,14,11854,26,1,0,1,1
1260457,654,12,9570,150,1,0,1,1
1260457,424,10,7056,145,1,0,1,1
1260457,523,10,6911,29,1,0,1,1
1320479,2044,12,9704,138,0,1,0,0
1320479,805,12,8958,14,0,1,0,0
1320479,529,13,10128,160,0,1,0,0
1320479,81,10,6465,129,0,1,0,0
1320479,390,10,6407,15,0,1,0,0
1320479,1373,13,11245,145,1,0,1,1
1320479,312,14,12137,27,1,0,1,1
1320479,1075,13,10019,151,1,0,1,1
1320479,758,11,7631,152,1,0,1,1
1320479,94,10,6949,29,1,0,1,1
1380493,2215,12,9816,141,0,1,0,0
1380493,928,12,8958,14,0,1,0,0
1380493,1367,14,11581,172,0,1,0,0
1380493,572,11,7401,142,0,1,0,0
1380493,544,10,6595,16,0,1,0,0
1380493,1868,14,12072,149,1,0,1,1
1380493,1473,15,14008,33,1,0,1,1
1380493,532,13,11092,152,1,0,1,1
1380493,111,12,8682,152,1,0,1,1
1380493,594,11,7978,29,1,0,1,1
1440516,2663,13,10545,142,0,1,0,0
1440516,1530,12,9628,14,0,1,0,0
1440516,47,14,12349,180,0,1,0,0
1440516,378,12,8798,153,0,1,0,0
1440516,327,10,6919,19,0,1,0,0
1440516,291,14,12072,149,1,0,1,1
1440516,2530,16,15133,48,1,0,1,1
1440516,204,13,11152,152,1,0,1,1
1440516,283,12,8682,152,1,0,1,1
1440516,84,11,7978,29,1,0,1,1
1500524,123,13,10848,142,0,1,0,0
1500524,154,13,10056,16,0,1,0,0
1500524,312,15,13055,186,0,1,0,0
1500524,662,12,9566,163,0,1,0,0
1500524,65,10,7262,19,0,1,0,0
1500524,769,15,13129,166,1,0,1,1
1500524,173,16,15539,48,1,0,1,1
1500524,1105,14,11951,154,1,0,1,1
1500524,786,12,9450,161,1,0,1,1
1500524,405,12,8739,30,1,0,1,1
1560548,379,14,11508,150,0,1,0,0
1560548,458,13,10314,17,0,1,0,0
1560548,1003,15,13861,198,0,1,0,0
1560548,910,12,9710,166,0,1,0,0
1560548,220,11,7511,20,0,1,0,0
1560548,1215,15,13725,170,1,0,1,1
1560548,771,17,16575,48,1,0,1,1
1560548,438,14,12110,154,1,0,1,1
1560548,1187,13,10129,170,1,0,1,1
1560548,766,12,9200,30,1,0,1,1
1620558,302,14,11508,150,0,1,0,0
1620558,222,13,10548,19,0,1,0,0
1620558,276,15,13886,198,0,1,0,0
1620558,51,12,9810,167,0,1,0,0
1620558,403,11,7700,23,0,1,0,0
1620558,1734,15,14676,179,1,0,1,1
1620558,2609,17,17593,61,1,0,1,1
1620558,1437,15,13465,158,1,0,1,1
1620558,159,13,10600,170,1,0,1,1
1620558,1267,13,10724,30,1,0,1,1
1680588,99,14,12137,150,0,1,0,0
1680588,681,14,11858,28,0,1,0,0
1680588,854,16,14726,207,0,1,0,0
1680588,92,13,11334,170,0,1,0,0
1680588,691,11,8217,27,0,1,0,0
1680588,2197,16,15335,184,1,0,1,1
1680588,1758,17,17593,61,1,0,1,1
1680588,110,15,13465,158,1,0,1,1
1680588,581,13,11184,170,1,0,1,1
1680588,364,13,11030,31,1,0,1,1
1740614,707,15,13394,165,0,1,0,0
1740614,1655,15,13168,37,0,1,0,0
1740614,1240,16,15729,214,0,1,0,0
1740614,1060,14,12360,174,0,1,0,0
1740614,296,12,8918,28,0,1,0,0
1740614,219,16,15516,184,1,0,1,1
1740614,1965,17,17792,61,1,0,1,1
1740614,247,15,13477,159,1,0,1,1
1740614,354,13,11184,170,1,0,1,1
1740614,504,13,11030,31,1,0,1,1
1800615,365,15,13620,167,0,1,0,0
1800615,471,15,13681,47,0,1,0,0
1800615,831,16,16182,222,0,1,0,0
1800615,3,14,12950,184,0,1,0,0
1800615,437,12,8918,28,0,1,0,0
1800615,642,16,16116,184,1,0,1,1
1800615,48,18,19031,61,1,0,1,1
1800615,1046,16,14813,162,1,0,1,1
1800615,1062,14,12147,177,1,0,1,1
1800615,1005,14,12179,31,1,0,1,1
1860622,679,15,14101,172,0,1,0,0
1860622,805,15,14341,48,0,1,0,0
1860622,1103,17,16511,228,0,1,0,0
1860622,287,15,13341,193,0,1,0,0
1860622,577,12,9145,28,0,1,0,0
1860622,863,17,16797,184,1,0,1,1
1860622,1378,18,20153,70,1,0,1,1
1860622,1715,16,15737,165,1,0,1,1
1860622,1483,15,13317,185,1,0,1,1
1860622,1294,15,13238,31,1,0,1,1
1920622,778,15,14269,172,0,1,0,0
1920622,307,15,14569,48,0,1,0,0
1920622,228,17,16628,228,0,1,0,0
1920622,6,15,13509,193,0,1,0,0
1920622,626,12,9386,28,0,1,0,0
1920622,1018,17,17253,185,1,0,1,1
1920622,2186,18,20612,76,1,0,1,1
1920622,1868,16,16251,170,1,0,1,1
1920622,1740,15,13831,192,1,0,1,1
1920622,1540,15,13406,31,1,0,1,1
0,500,1,0,0,1,0,0,1
0,500,1,0,0,1,0,0,1
0,500,1,0,0,1,0,0,1
0,500,1,0,0,1,0,0,1
0,500,1,0,0,1,0,0,1
0,500,1,0,0,0,1,1,0
0,500,1,0,0,0,1,1,0
0,500,1,0,0,0,1,1,0
0,500,1,0,0,0,1,1,0
0,500,1,0,0,0,1,1,0
60015,0,1,0,0,1,0,0,1
60015,0,1,0,0,1,0,0,1
60015,0,1,0,0,1,0,0,1
60015,0,1,0,0,1,0,0,1
60015,0,1,0,0,1,0,0,1
60015,0,1,0,0,0,1,1,0
60015,0,1,0,0,0,1,1,0
60015,0,1,0,0,0,1,1,0
60015,0,1,0,0,0,1,1,0
60015,0,1,0,0,0,1,1,0
120021,62,1,181,2,1,0,0,1
120021,120,2,320,0,1,0,0,1
120021,34,1,240,1,1,0,0,1
120021,20,1,0,0,1,0,0,1
120021,62,1,0,0,1,0,0,1
120021,69,1,240,3,0,1,1,0
120021,120,2,320,0,0,1,1,0
120021,62,1,181,2,0,1,1,0
120021,90,1,168,4,0,1,1,0
120021,43,1,168,1,0,1,1,0
180042,220,2,542,4,1,0,0,1
180042,448,3,685,0,1,0,0,1
180042,389,3,815,12,1,0,0,1
180042,241,2,420,6,1,0,0,1
180042,277,2,299,0,1,0,0,1
180042,361,3,845,11,0,1,1,0
180042,463,3,710,0,0,1,1,0
180042,813,3,1018,13,0,1,1,0
180042,364,2,508,10,0,1,1,0
180042,220,2,508,3,0,1,1,0
240049,351,4,1278,16,1,0,0,1
240049,1248,3,1033,0,1,0,0,1
240049,845,4,1418,23,1,0,0,1
240049,623,3,882,12,1,0,0,1
240049,832,3,663,0,1,0,0,1
240049,98,3,1116,14,0,1,1,0
240049,771,3,1060,0,0,1,1,0
240049,435,4,1180,16,0,1,1,0
240049,67,3,696,16,0,1,1,0
240049,547,3,917,5,0,1,1,0
300069,340,5,1972,29,1,0,0,1
300069,1370,3,1033,0,1,0,0,1
300069,1175,5,2142,33,1,0,0,1
300069,927,4,1441,20,1,0,0,1
300069,216,3,738,0,1,0,0,1
300069,434,4,1716,24,0,1,1,0
300069,990,4,1232,0,0,1,1,0
300069,581,4,1330,18,0,1,1,0
300069,716,3,1045,18,0,1,1,0
300069,894,4,1322,6,0,1,1,0
360102,643,5,2243,30,1,0,0,1
360102,248,4,1238,0,1,0,0,1
360102,270,6,2445,37,1,0,0,1
360102,46,5,1806,21,1,0,0,1
360102,121,4,1156,0,1,0,0,1
360102,707,5,1931,24,0,1,1,0
360102,1376,5,1739,0,0,1,1,0
360102,917,5,2113,27,0,1,1,0
360102,1291,4,1453,22,0,1,1,0
360102,1453,4,1572,9,0,1,1,0
420123,31,6,2926,38,1,0,0,1
420123,122,4,1669,0,1,0,0,1
420123,909,6,3133,50,1,0,0,1
420123,273,5,2068,27,1,0,0,1
420123,329,4,1629,1,1,0,0,1
420123,969,6,2472,32,0,1,1,0
420123,85,5,1837,0,0,1,1,0
420123,39,5,2113,27,0,1,1,0
420123,384,4,1547,23,0,1,1,0
420123,87,5,1726,9,0,1,1,0
480141,287,7,3500,46,1,0,0,1
480141,479,5,2117,0,1,0,0,1
480141,1238,7,3767,60,1,0,0,1
480141,569,5,2370,34,1,0,0,1
480141,589,5,1931,1,1,0,0,1
480141,1259,7,3196,42,0,1,1,0
480141,392,5,2198,0,0,1,1,0
480141,307,6,2567,33,0,1,1,0
480141,758,5,2054,38,0,1,1,0
480141,242,5,2233,10,0,1,1,0
540165,637,8,4447,54,1,0,0,1
540165,742,6,2457,0,1,0,0,1
540165,204,8,4126,66,1,0,0,1
540165,1002,6,2995,49,1,0,0,1
540165,769,5,2344,3,1,0,0,1
540165,288,7,3560,48,0,1,1,0
540165,805,6,2780,0,0,1,1,0
540165,228,6,2807,39,0,1,1,0
540165,881,5,2077,38,0,1,1,0
540165,407,5,2256,11,0,1,1,0
600177,977,8,4976,67,1,0,0,1
600177,978,6,2812,1,1,0,0,1
600177,418,8,4667,71,1,0,0,1
600177,1236,7,3288,55,1,0,0,1
600177,1004,6,2608,4,1,0,0,1
600177,608,8,4124,58,0,1,1,0
600177,964,6,2852,1,0,1,1,0
600177,548,7,3260,48,0,1,1,0
600177,1150,6,2529,47,0,1,1,0
600177,590,6,2708,14,0,1,1,0
660207,488,9,5610,79,1,0,0,1
660207,1236,6,3156,2,1,0,0,1
660207,905,9,5257,80,1,0,0,1
660207,87,7,3402,57,1,0,0,1
660207,1244,6,2782,4,1,0,0,1
660207,8,8,4335,62,0,1,1,0
660207,1385,7,3463,1,0,1,1,0
660207,146,7,4042,62,0,1,1,0
660207,1495,6,2980,57,0,1,1,0
660207,528,7,3220,17,0,1,1,0
720227,883,10,6208,89,1,0,0,1
720227,1863,7,3906,2,1,0,0,1
720227,197,9,5650,86,1,0,0,1
720227,499,7,3876,69,1,0,0,1
720227,1619,7,3486,4,1,0,0,1
720227,228,8,4848,68,0,1,1,0
720227,1824,8,4156,3,0,1,1,0
720227,656,8,4749,64,0,1,1,0
720227,267,6,3018,57,0,1,1,0
720227,437,7,3528,17,0,1,1,0
780248,406,10,6348,89,1,0,0,1
780248,65,8,4502,6,1,0,0,1
780248,925,10,6500,92,1,0,0,1
780248,635,7,4027,70,1,0,0,1
780248,45,7,3486,4,1,0,0,1
780248,629,9,5329,75,0,1,1,0
780248,46,8,4156,3,0,1,1,0
780248,92,8,4959,65,0,1,1,0
780248,1193,7,3720,65,0,1,1,0
780248,969,8,4185,21,0,1,1,0
840250,205,10,7042,102,1,0,0,1
840250,318,8,4823,7,1,0,0,1
840250,1310,10,7158,104,1,0,0,1
840250,983,8,4547,78,1,0,0,1
840250,215,7,3627,5,1,0,0,1
840250,1005,9,5934,86,0,1,1,0
840250,489,8,4832,3,0,1,1,0
840250,359,9,5384,70,0,1,1,0
840250,387,8,4070,75,0,1,1,0
840250,1205,8,4566,23,0,1,1,0
900273,91,10,7242,105,1,0,0,1
900273,454,9,5315,8,1,0,0,1
900273,1881,11,7993,110,1,0,0,1
900273,177,9,5090,87,1,0,0,1
900273,105,7,3869,5,1,0,0,1
900273,122,10,6235,90,0,1,1,0
900273,1270,9,5885,3,0,1,1,0
900273,186,10,6402,76,0,1,1,0
900273,875,8,4436,80,0,1,1,0
900273,1580,9,5404,29,0,1,1,0
960298,503,11,7829,118,1,0,0,1
960298,901,9,6097,8,1,0,0,1
960298,2560,12,8643,115,1,0,0,1
960298,750,9,6013,92,1,0,0,1
960298,415,8,4313,5,1,0,0,1
960298,527,10,7059,102,0,1,1,0
960298,9,10,6335,4,0,1,1,0
960298,372,10,6765,79,0,1,1,0
960298,337,8,4676,82,0,1,1,0
960298,205,9,5731,30,0,1,1,0
1020308,820,11,8466,125,1,0,0,1
1020308,98,9,6116,8,1,0,0,1
1020308,2745,12,9096,119,1,0,0,1
1020308,1151,10,6408,104,1,0,0,1
1020308,555,8,4708,5,1,0,0,1
1020308,733,11,7693,107,0,1,1,0
1020308,519,10,7064,4,0,1,1,0
1020308,1310,11,7536,88,0,1,1,0
1020308,633,8,4903,88,0,1,1,0
1020308,491,10,6351,35,0,1,1,0
1080325,638,12,8829,132,1,0,0,1
1080325,595,10,7104,8,1,0,0,1
1080325,1421,12,9491,121,1,0,0,1
1080325,1768,10,6935,112,1,0,0,1
1080325,736,9,5295,7,1,0,0,1
1080325,1075,11,8367,111,0,1,1,0
1080325,12,11,7507,4,0,1,1,0
1080325,334,11,7929,96,0,1,1,0
1080325,826,9,5180,92,0,1,1,0
1080325,661,10,6543,36,0,1,1,0
1140326,1419,12,9223,140,1,0,0,1
1140326,1068,11,7596,8,1,0,0,1
1140326,518,12,9888,121,1,0,0,1
1140326,2151,10,7275,119,1,0,0,1
1140326,926,9,5689,7,1,0,0,1
1140326,1350,11,8524,111,0,1,1,0
1140326,555,11,7950,4,0,1,1,0
1140326,37,11,7929,96,0,1,1,0
1140326,1095,9,5712,101,0,1,1,0
1140326,844,10,7015,38,0,1,1,0
1200344,2060,12,9818,143,1,0,0,1
1200344,1586,11,8147,9,1,0,0,1
1200344,1111,13,10295,124,1,0,0,1
1200344,2976,11,8266,124,1,0,0,1
1200344,250,9,6055,7,1,0,0,1
1200344,147,11,8524,111,0,1,1,0
1200344,777,11,8159,4,0,1,1,0
1200344,259,11,8107,96,0,1,1,0
1200344,293,9,5712,101,0,1,1,0
1200344,184,10,7015,38,0,1,1,0
1260354,2430,13,10325,143,1,0,0,1
1260354,76,11,8201,9,1,0,0,1
1260354,733,13,10774,127,1,0,0,1
1260354,502,11,8419,126,1,0,0,1
1260354,590,10,6812,7,1,0,0,1
1260354,654,12,8891,116,0,1,1,0
1260354,1776,12,9346,9,0,1,1,0
1260354,590,12,8736,97,0,1,1,0
1260354,571,10,6335,108,0,1,1,0
1260354,397,11,7535,40,0,1,1,0
1320381,271,13,10425,143,1,0,0,1
1320381,443,12,8861,9,1,0,0,1
1320381,110,13,10963,128,1,0,0,1
1320381,987,12,9260,136,1,0,0,1
1320381,799,10,7107,7,1,0,0,1
1320381,993,12,9521,129,0,1,1,0
1320381,216,12,9619,12,0,1,1,0
1320381,408,12,9039,101,0,1,1,0
1320381,344,10,6365,108,0,1,1,0
1320381,567,11,7633,41,0,1,1,0
1380397,104,13,10842,148,1,0,0,1
1380397,1021,12,9606,10,1,0,0,1
1380397,482,13,11371,134,1,0,0,1
1380397,1270,12,9787,141,1,0,0,1
1380397,1014,11,7489,7,1,0,0,1
1380397,178,12,9815,136,0,1,1,0
1380397,339,12,9619,12,0,1,1,0
1380397,678,12,9534,109,0,1,1,0
1380397,189,10,7019,117,0,1,1,0
1380397,72,11,7927,42,0,1,1,0
1440416,335,13,11289,149,1,0,0,1
1440416,1926,13,10751,11,1,0,0,1
1440416,949,14,11889,138,1,0,0,1
1440416,697,13,10076,147,1,0,0,1
1440416,1230,11,8174,7,1,0,0,1
1440416,1014,13,10236,137,0,1,1,0
1440416,471,12,9680,12,0,1,1,0
1440416,920,12,9894,113,0,1,1,0
1440416,447,11,7475,117,0,1,1,0
1440416,262,11,8332,42,0,1,1,0
1500417,251,14,11453,150,1,0,0,1
1500417,2173,13,11163,12,1,0,0,1
1500417,1231,14,12159,143,1,0,0,1
1500417,862,13,10259,150,1,0,0,1
1500417,425,11,8452,9,1,0,0,1
1500417,1226,13,10236,137,0,1,1,0
1500417,704,13,10154,17,0,1,1,0
1500417,546,13,10221,118,0,1,1,0
1500417,119,11,7475,117,0,1,1,0
1500417,188,12,8603,44,0,1,1,0
1560433,813,14,11867,153,1,0,0,1
1560433,2494,14,11947,14,1,0,0,1
1560433,444,14,12767,144,1,0,0,1
1560433,1478,13,11079,156,1,0,0,1
1560433,750,12,9198,10,1,0,0,1
1560433,1567,13,10794,147,0,1,1,0
1560433,1033,13,10640,17,0,1,1,0
1560433,698,13,10427,119,0,1,1,0
1560433,856,11,7743,117,0,1,1,0
1560433,413,12,8889,45,0,1,1,0
1620433,1232,14,12165,154,1,0,0,1
1620433,141,14,11947,14,1,0,0,1
1620433,1111,15,13044,147,1,0,0,1
1620433,1978,14,11526,157,1,0,0,1
1620433,1203,12,9533,10,1,0,0,1
1620433,439,13,10948,147,0,1,1,0
1620433,524,13,11033,21,0,1,1,0
1620433,494,13,10791,125,0,1,1,0
1620433,1294,11,8258,125,0,1,1,0
1620433,563,12,8974,46,0,1,1,0
1680455,254,15,13295,154,1,0,0,1
1680455,1139,15,13854,14,1,0,0,1
1680455,383,15,13953,147,1,0,0,1
1680455,2485,14,12414,157,1,0,0,1
1680455,129,13,10293,10,1,0,0,1
1680455,848,14,11879,160,0,1,1,0
1680455,147,13,11033,21,0,1,1,0
1680455,840,13,11397,134,0,1,1,0
1680455,1576,11,8521,131,0,1,1,0
1680455,34,12,9155,47,0,1,1,0
1740486,834,15,13892,157,1,0,0,1
1740486,1791,15,14436,14,1,0,0,1
1740486,856,15,14213,152,1,0,0,1
1740486,3153,15,13226,165,1,0,0,1
1740486,473,13,10535,10,1,0,0,1
1740486,453,14,12514,168,0,1,1,0
1740486,424,13,11275,21,0,1,1,0
1740486,1513,14,12274,144,0,1,1,0
1740486,1341,12,8982,135,0,1,1,0
1740486,224,12,9205,47,0,1,1,0
1800486,881,15,14094,157,1,0,0,1
1800486,1908,15,14572,14,1,0,0,1
1800486,1106,15,14415,155,1,0,0,1
1800486,3372,15,13391,167,1,0,0,1
1800486,662,13,10737,10,1,0,0,1
1800486,441,14,12642,169,0,1,1,0
1800486,501,13,11304,21,0,1,1,0
1800486,-149,14,12365,144,0,1,1,0
1800486,-38,12,9152,136,0,1,1,0
1800486,313,12,9205,47,0,1,1,0
0,500,1,0,0,1,0,1,1
0,500,1,0,0,1,0,1,1
0,500,1,0,0,1,0,1,1
0,500,1,0,0,1,0,1,1
0,500,1,0,0,1,0,1,1
0,500,1,0,0,0,1,0,0
0,500,1,0,0,0,1,0,0
0,500,1,0,0,0,1,0,0
0,500,1,0,0,0,1,0,0
0,500,1,0,0,0,1,0,0
60020,0,1,0,0,1,0,1,1
60020,0,1,0,0,1,0,1,1
60020,0,1,0,0,1,0,1,1
60020,0,1,0,0,1,0,1,1
60020,0,1,0,0,1,0,1,1
60020,0,1,0,0,0,1,0,0
60020,0,1,0,0,0,1,0,0
60020,0,1,0,0,0,1,0,0
60020,0,1,0,0,0,1,0,0
60020,0,1,0,0,0,1,0,0
120046,78,1,181,2,1,0,1,1
120046,170,2,427,0,1,0,1,1
120046,84,1,181,3,1,0,1,1
120046,84,1,113,3,1,0,1,1
120046,23,1,113,0,1,0,1,1
120046,78,1,181,2,0,1,0,0
120046,121,2,320,0,0,1,0,0
120046,84,1,211,3,0,1,0,0
120046,84,1,113,3,0,1,0,0
120046,23,1,113,0,0,1,0,0
180060,270,2,542,6,1,0,1,1
180060,493,3,740,0,1,0,1,1
180060,339,3,722,10,1,0,1,1
180060,297,2,394,8,1,0,1,1
180060,278,2,394,1,1,0,1,1
180060,372,3,904,10,0,1,0,0
180060,433,3,670,0,0,1,0,0
180060,382,3,904,11,0,1,0,0
180060,395,2,469,14,0,1,0,0
180060,213,2,469,3,0,1,0,0
240082,1066,4,1228,13,1,0,1,1
240082,961,3,1117,0,1,0,1,1
240082,1029,4,1258,16,1,0,1,1
240082,557,3,808,13,1,0,1,1
240082,473,3,808,1,1,0,1,1
240082,102,3,1086,12,0,1,0,0
240082,6,3,995,0,0,1,0,0
240082,139,4,1207,15,0,1,0,0
240082,690,3,846,21,0,1,0,0
240082,369,3,846,4,0,1,0,0
300095,74,4,1651,20,1,0,1,1
300095,165,4,1499,0,1,0,1,1
300095,413,4,1648,23,1,0,1,1
300095,791,4,1241,17,1,0,1,1
300095,668,4,1241,2,1,0,1,1
300095,266,4,1540,14,0,1,0,0
300095,220,4,1181,0,0,1,0,0
300095,394,5,1841,23,0,1,0,0
300095,1078,4,1260,34,0,1,0,0
300095,587,4,1260,6,0,1,0,0
360124,470,6,2435,36,1,0,1,1
360124,463,5,1828,2,1,0,1,1
360124,753,5,2343,33,1,0,1,1
360124,75,4,1552,22,1,0,1,1
360124,33,4,1552,2,1,0,1,1
360124,143,5,1960,23,0,1,0,0
360124,563,4,1588,0,0,1,0,0
360124,615,5,2382,29,0,1,0,0
360124,201,4,1278,34,0,1,0,0
360124,28,4,1639,9,0,1,0,0
420139,150,6,2736,41,1,0,1,1
420139,820,5,2262,2,1,0,1,1
420139,96,6,2986,38,1,0,1,1
420139,643,5,2036,29,1,0,1,1
420139,431,5,2036,3,1,0,1,1
420139,426,6,2654,32,0,1,0,0
420139,835,5,1832,0,0,1,0,0
420139,313,6,3177,33,0,1,0,0
420139,742,5,1811,41,0,1,0,0
420139,333,5,1899,10,0,1,0,0
480165,146,7,3219,48,1,0,1,1
480165,1230,6,2868,2,1,0,1,1
480165,452,7,3709,50,1,0,1,1
480165,96,5,2184,30,1,0,1,1
480165,110,5,2184,3,1,0,1,1
480165,660,6,3138,38,0,1,0,0
480165,1280,6,2537,4,0,1,0,0
480165,594,7,3577,39,0,1,0,0
480165,313,5,2351,44,0,1,0,0
480165,138,5,2140,11,0,1,0,0
540187,325,7,3713,52,1,0,1,1
540187,1353,6,3000,2,1,0,1,1
540187,715,8,4191,58,1,0,1,1
540187,519,6,2597,45,1,0,1,1
540187,70,6,2597,3,1,0,1,1
540187,867,7,3567,43,0,1,0,0
540187,1488,6,2744,4,0,1,0,0
540187,501,8,4150,44,0,1,0,0
540187,955,6,2862,53,0,1,0,0
540187,516,6,2651,13,0,1,0,0
600217,468,8,4194,61,1,0,1,1
600217,360,6,3178,2,1,0,1,1
600217,1109,8,4885,71,1,0,1,1
600217,531,7,3183,56,1,0,1,1
600217,261,6,2639,5,1,0,1,1
600217,237,8,4086,50,0,1,0,0
600217,1830,7,3324,5,0,1,0,0
600217,50,8,4478,48,0,1,0,0
600217,1207,6,3111,59,0,1,0,0
600217,664,6,2960,14,0,1,0,0
660223,687,8,5033,71,1,0,1,1
660223,962,7,3810,2,1,0,1,1
660223,944,9,5277,77,1,0,1,1
660223,305,7,3541,65,1,0,1,1
660223,411,6,2997,6,1,0,1,1
660223,395,8,4327,52,0,1,0,0
660223,199,7,3389,5,0,1,0,0
660223,364,8,4991,59,0,1,0,0
660223,497,7,3186,61,0,1,0,0
660223,220,6,3096,15,0,1,0,0
720251,89,9,5364,77,1,0,1,1
720251,1199,8,4491,2,1,0,1,1
720251,1580,9,6112,85,1,0,1,1
720251,974,8,4133,74,1,0,1,1
720251,936,7,3619,7,1,0,1,1
720251,665,8,4720,57,0,1,0,0
720251,920,8,4316,6,0,1,0,0
720251,654,9,5502,68,0,1,0,0
720251,43,7,3280,64,0,1,0,0
720251,396,7,3674,17,0,1,0,0
780262,472,9,6088,89,1,0,1,1
780262,211,9,5133,7,1,0,1,1
780262,830,10,6202,87,1,0,1,1
780262,1500,8,4791,85,1,0,1,1
780262,6,7,3788,7,1,0,1,1
780262,886,9,5051,62,0,1,0,0
780262,1290,9,5171,10,0,1,0,0
780262,210,9,5773,73,0,1,0,0
780262,375,7,3617,76,0,1,0,0
780262,586,8,4101,21,0,1,0,0
840282,264,10,6722,101,1,0,1,1
840282,716,9,5817,9,1,0,1,1
840282,1798,10,7193,94,1,0,1,1
840282,308,8,4979,91,1,0,1,1
840282,182,8,4248,9,1,0,1,1
840282,1160,9,5458,67,0,1,0,0
840282,268,9,5399,10,0,1,0,0
840282,347,9,6043,74,0,1,0,0
840282,645,7,4027,78,0,1,0,0
840282,388,8,4462,24,0,1,0,0
900302,1267,11,7491,114,1,0,1,1
900302,1073,10,6170,11,1,0,1,1
900302,820,10,7263,94,1,0,1,1
900302,1318,9,5669,99,1,0,1,1
900302,537,8,4517,9,1,0,1,1
900302,1282,9,5458,67,0,1,0,0
900302,390,9,5399,10,0,1,0,0
900302,469,9,6043,74,0,1,0,0
900302,467,8,4208,78,0,1,0,0
900302,624,8,5036,30,0,1,0,0
960326,395,11,8122,119,1,0,1,1
960326,1365,10,6565,11,1,0,1,1
960326,226,11,7534,99,1,0,1,1
960326,241,9,5818,99,1,0,1,1
960326,897,9,5334,18,1,0,1,1
960326,597,9,5627,69,0,1,0,0
960326,957,10,6414,21,0,1,0,0
960326,826,10,6576,84,0,1,0,0
960326,1254,8,4950,85,0,1,0,0
960326,956,9,5572,32,0,1,0,0
1020350,507,11,8533,123,1,0,1,1
1020350,293,10,6948,11,1,0,1,1
1020350,499,11,7607,99,1,0,1,1
1020350,1070,10,6509,109,1,0,1,1
1020350,313,9,5394,18,1,0,1,1
1020350,769,9,5627,69,0,1,0,0
1020350,1327,10,6682,27,0,1,0,0
1020350,1736,11,7654,94,0,1,0,0
1020350,126,8,4950,85,0,1,0,0
1020350,496,9,5859,35,0,1,0,0
1080361,735,12,8835,128,1,0,1,1
1080361,646,11,7944,18,1,0,1,1
1080361,865,11,8271,109,1,0,1,1
1080361,719,10,6716,109,1,0,1,1
1080361,217,9,5546,19,1,0,1,1
1080361,954,9,6048,73,0,1,0,0
1080361,2500,10,7230,32,0,1,0,0
1080361,143,11,7804,96,0,1,0,0
1080361,450,9,5586,91,0,1,0,0
1080361,32,10,6275,36,0,1,0,0
1140376,177,12,9610,133,1,0,1,1
1140376,1022,11,8345,25,1,0,1,1
1140376,1762,12,9323,121,1,0,1,1
1140376,1299,11,7324,118,1,0,1,1
1140376,108,9,6058,19,1,0,1,1
1140376,27,10,6350,73,0,1,0,0
1140376,791,11,7767,35,0,1,0,0
1140376,280,11,7924,97,0,1,0,0
1140376,173,9,5646,91,0,1,0,0
1140376,173,10,6275,36,0,1,0,0
1200382,1184,13,10760,137,1,0,1,1
1200382,745,11,8345,25,1,0,1,1
1200382,419,12,9627,126,1,0,1,1
1200382,2369,12,9030,126,1,0,1,1
1200382,418,10,6472,19,1,0,1,1
1200382,316,10,6863,79,0,1,0,0
1200382,56,11,8294,39,0,1,0,0
1200382,681,12,8587,110,0,1,0,0
1200382,258,10,6314,95,0,1,0,0
1200382,19,10,6872,36,0,1,0,0
1260389,644,13,11134,142,1,0,1,1
1260389,1006,12,8896,28,1,0,1,1
1260389,801,13,10280,136,1,0,1,1
1260389,391,12,9114,126,1,0,1,1
1260389,673,10,6878,19,1,0,1,1
1260389,453,10,7153,80,0,1,0,0
1260389,378,12,8728,40,0,1,0,0
1260389,239,12,8638,112,0,1,0,0
1260389,402,10,6449,96,0,1,0,0
1260389,159,10,6959,36,0,1,0,0
1320396,515,14,11523,146,1,0,1,1
1320396,464,12,9338,28,1,0,1,1
1320396,1779,13,10903,139,1,0,1,1
1320396,1181,12,9774,136,1,0,1,1
1320396,264,11,7460,19,1,0,1,1
1320396,575,10,7153,80,0,1,0,0
1320396,575,12,8970,40,0,1,0,0
1320396,389,12,8704,114,0,1,0,0
1320396,845,10,6832,97,0,1,0,0
1320396,396,10,7258,37,0,1,0,0
1380396,978,14,11824,150,1,0,1,1
1380396,555,12,9338,28,1,0,1,1
1380396,2079,13,11219,139,1,0,1,1
1380396,1135,13,10141,137,1,0,1,1
1380396,301,11,7460,19,1,0,1,1
1380396,616,10,7153,80,0,1,0,0
1380396,687,12,9021,42,0,1,0,0
1380396,460,12,8773,114,0,1,0,0
1380396,886,10,6832,97,0,1,0,0
1380396,443,10,7296,37,0,1,0,0
0,500,1,0,0,1,0,1,1
0,500,1,0,0,1,0,1,1
0,500,1,0,0,1,0,1,1
0,500,1,0,0,1,0,1,1
0,500,1,0,0,1,0,1,1
0,500,1,0,0,0,1,0,0
0,500,1,0,0,0,1,0,0
0,500,1,0,0,0,1,0,0
0,500,1,0,0,0,1,0,0
0,500,1,0,0,0,1,0,0
60026,0,1,0,0,1,0,1,1
60026,0,1,0,0,1,0,1,1
60026,0,1,0,0,1,0,1,1
60026,0,1,0,0,1,0,1,1
60026,0,1,0,0,1,0,1,1
60026,0,1,0,0,0,1,0,0
60026,0,1,0,0,0,1,0,0
60026,0,1,0,0,0,1,0,0
60026,0,1,0,0,0,1,0,0
60026,0,1,0,0,0,1,0,0
120029,90,1,240,4,1,0,1,1
120029,247,2,572,0,1,0,1,1
120029,97,1,270,4,1,0,1,1
120029,62,1,135,2,1,0,1,1
120029,22,1,75,0,1,0,1,1
120029,41,1,60,1,0,1,0,0
120029,120,2,320,0,0,1,0,0
120029,111,1,240,5,0,1,0,0
120029,41,1,113,1,0,1,0,0
120029,22,1,113,0,0,1,0,0
180049,147,2,655,9,1,0,1,1
180049,602,3,760,0,1,0,1,1
180049,339,3,752,11,1,0,1,1
180049,699,2,467,8,1,0,1,1
180049,721,2,407,0,1,0,1,1
180049,254,3,808,8,0,1,0,0
180049,533,3,840,0,0,1,0,0
180049,374,3,875,13,0,1,0,0
180049,269,2,458,7,0,1,0,0
180049,62,2,337,0,0,1,0,0
240061,194,3,925,13,1,0,1,1
240061,832,3,984,1,1,0,1,1
240061,602,4,1446,20,1,0,1,1
240061,1084,3,1094,20,1,0,1,1
240061,121,2,520,0,1,0,1,1
240061,309,4,1319,19,0,1,0,0
240061,1010,4,1376,1,0,1,0,0
240061,588,4,1416,18,0,1,0,0
240061,413,2,579,8,0,1,0,0
240061,197,2,337,0,0,1,0,0
300104,595,4,1589,26,1,0,1,1
300104,1144,4,1334,1,1,0,1,1
300104,107,5,1809,27,1,0,1,1
300104,1458,4,1545,32,1,0,1,1
300104,315,3,971,0,1,0,1,1
300104,152,4,1379,20,0,1,0,0
300104,1352,5,1769,1,0,1,0,0
300104,423,5,1776,22,0,1,0,0
300104,738,3,1013,16,0,1,0,0
300104,351,2,621,0,0,1,0,0
360131,68,4,1650,26,1,0,1,1
360131,1281,4,1544,2,1,0,1,1
360131,534,6,2561,36,1,0,1,1
360131,300,5,1803,37,1,0,1,1
360131,869,4,1346,1,1,0,1,1
360131,993,5,2298,41,0,1,0,0
360131,114,5,2192,1,0,1,0,0
360131,132,5,1987,23,0,1,0,0
360131,1165,5,1733,31,0,1,0,0
360131,634,3,988,4,0,1,0,0
420132,493,5,2345,39,1,0,1,1
420132,212,5,2052,7,1,0,1,1
420132,163,6,2869,39,1,0,1,1
420132,702,5,2310,54,1,0,1,1
420132,1084,5,1853,1,1,0,1,1
420132,104,5,2328,42,0,1,0,0
420132,444,6,2624,1,0,1,0,0
420132,266,6,2458,32,0,1,0,0
420132,1420,5,2154,38,0,1,0,0
420132,871,4,1431,7,0,1,0,0
480163,1402,7,3399,55,1,0,1,1
480163,709,5,2296,7,1,0,1,1
480163,386,7,3403,42,1,0,1,1
480163,1171,6,2760,66,1,0,1,1
480163,1347,5,2287,1,1,0,1,1
480163,255,5,2387,44,0,1,0,0
480163,591,6,2767,1,0,1,0,0
480163,587,6,3122,41,0,1,0,0
480163,1612,6,2607,42,0,1,0,0
480163,15,4,1559,7,0,1,0,0
540196,2266,8,4417,68,1,0,1,1
540196,1066,6,2740,7,1,0,1,1
540196,642,8,4156,50,1,0,1,1
540196,175,6,2911,69,1,0,1,1
540196,114,5,2287,1,1,0,1,1
540196,133,6,2538,47,0,1,0,0
540196,1459,7,3481,1,0,1,0,0
540196,891,7,3674,49,0,1,0,0
540196,90,6,3025,48,0,1,0,0
540196,170,4,1606,7,0,1,0,0
600215,322,8,4670,71,1,0,1,1
600215,1613,6,3110,7,1,0,1,1
600215,74,8,4542,52,1,0,1,1
600215,586,7,3503,83,1,0,1,1
600215,336,6,2649,4,1,0,1,1
600215,45,6,3108,59,0,1,0,0
600215,1836,7,3966,2,0,1,0,0
600215,147,7,3768,50,0,1,0,0
600215,445,7,3689,58,0,1,0,0
600215,418,5,2052,12,0,1,0,0
660220,933,9,5364,86,1,0,1,1
660220,325,7,3692,7,1,0,1,1
660220,479,9,5236,66,1,0,1,1
660220,944,7,3823,93,1,0,1,1
660220,516,6,2970,4,1,0,1,1
660220,370,7,3833,70,0,1,0,0
660220,303,8,4257,2,0,1,0,0
660220,463,8,4439,58,0,1,0,0
660220,846,8,4167,71,0,1,0,0
660220,574,6,2483,13,0,1,0,0
720248,383,9,5636,91,1,0,1,1
720248,628,8,4129,7,1,0,1,1
720248,811,9,5848,78,1,0,1,1
720248,1348,8,4404,106,1,0,1,1
720248,70,6,3158,5,1,0,1,1
720248,158,8,4103,75,0,1,0,0
720248,596,8,4653,2,0,1,0,0
720248,786,8,5013,67,0,1,0,0
720248,1194,8,4693,83,0,1,0,0
720248,748,6,2517,13,0,1,0,0
780256,265,9,5696,91,1,0,1,1
780256,1119,8,4579,7,1,0,1,1
780256,1196,10,6417,85,1,0,1,1
780256,195,8,4732,110,1,0,1,1
780256,565,7,3484,5,1,0,1,1
780256,1012,9,5403,88,0,1,0,0
780256,218,8,4862,2,0,1,0,0
780256,1319,9,5283,72,0,1,0,0
780256,91,8,4754,83,0,1,0,0
780256,231,6,2799,18,0,1,0,0
840285,485,9,6086,97,1,0,1,1
840285,366,8,4956,7,1,0,1,1
840285,418,10,6478,85,1,0,1,1
840285,507,9,5163,121,1,0,1,1
840285,786,7,3903,5,1,0,1,1
840285,240,9,5766,95,0,1,0,0
840285,936,9,5834,2,0,1,0,0
840285,1750,9,5706,78,0,1,0,0
840285,525,9,5570,93,0,1,0,0
840285,431,7,3326,21,0,1,0,0
900288,347,10,6538,104,1,0,1,1
900288,845,9,5670,7,1,0,1,1
900288,915,10,7149,99,1,0,1,1
900288,134,9,5331,127,1,0,1,1
900288,26,8,4072,5,1,0,1,1
900288,936,10,7050,107,0,1,0,0
900288,1205,10,6246,7,0,1,0,0
900288,122,9,5725,78,0,1,0,0
900288,464,9,6038,102,0,1,0,0
900288,124,7,3401,22,0,1,0,0
960308,730,10,6841,109,1,0,1,1
960308,1185,10,6199,7,1,0,1,1
960308,117,11,7820,111,1,0,1,1
960308,448,9,5596,134,1,0,1,1
960308,222,8,4536,8,1,0,1,1
960308,263,11,7321,113,0,1,0,0
960308,93,10,6830,7,0,1,0,0
960308,571,10,6329,90,0,1,0,0
960308,808,10,6379,108,0,1,0,0
960308,309,7,3556,22,0,1,0,0
1020309,237,10,7172,115,1,0,1,1
1020309,13,10,6650,7,1,0,1,1
1020309,566,12,8613,126,1,0,1,1
1020309,900,9,5992,146,1,0,1,1
1020309,413,8,4931,8,1,0,1,1
1020309,713,11,8044,128,0,1,0,0
1020309,568,11,7631,12,0,1,0,0
1020309,778,10,6655,95,0,1,0,0
1020309,1112,10,6889,118,0,1,0,0
1020309,293,7,3884,22,0,1,0,0
1080329,638,11,7897,127,1,0,1,1
1080329,588,11,7432,9,1,0,1,1
1080329,1561,12,9408,128,1,0,1,1
1080329,202,10,6856,155,1,0,1,1
1080329,186,9,5075,10,1,0,1,1
1080329,1189,12,8758,137,0,1,0,0
1080329,19,11,8255,12,0,1,0,0
1080329,1494,11,7694,101,0,1,0,0
1080329,293,10,6939,120,0,1,0,0
1080329,93,8,4206,22,0,1,0,0
1140334,45,11,8107,132,1,0,1,1
1140334,290,11,7963,13,1,0,1,1
1140334,133,12,9408,128,1,0,1,1
1140334,519,10,7083,162,1,0,1,1
1140334,327,9,5325,10,1,0,1,1
1140334,589,12,9467,144,0,1,0,0
1140334,141,11,8267,12,0,1,0,0
1140334,745,11,7965,103,0,1,0,0
1140334,960,11,7638,129,0,1,0,0
1140334,294,8,4472,22,0,1,0,0
1200362,580,12,8725,133,1,0,1,1
1200362,1017,12,8639,13,1,0,1,1
1200362,633,13,10514,144,1,0,1,1
1200362,1096,11,7856,172,1,0,1,1
1200362,643,9,5953,15,1,0,1,1
1200362,92,12,9525,144,0,1,0,0
1200362,578,12,8987,16,0,1,0,0
1200362,67,11,8022,103,0,1,0,0
1200362,1208,11,7859,132,0,1,0,0
1200362,544,8,4740,23,0,1,0,0
1260394,242,12,9433,142,1,0,1,1
1260394,1645,12,9318,13,1,0,1,1
1260394,1364,13,11030,145,1,0,1,1
1260394,724,11,8304,177,1,0,1,1
1260394,988,10,6841,15,1,0,1,1
1260394,357,12,9855,152,0,1,0,0
1260394,262,12,9287,17,0,1,0,0
1260394,388,11,8415,110,0,1,0,0
1260394,1465,11,8125,138,0,1,0,0
1260394,194,8,4831,23,0,1,0,0
1320394,28,12,9618,142,1,0,1,1
1320394,239,12,9318,13,1,0,1,1
1320394,1841,13,11215,145,1,0,1,1
1320394,920,11,8529,177,1,0,1,1
1320394,1201,10,7100,15,1,0,1,1
1320394,314,13,10129,156,0,1,0,0
1320394,306,12,9287,17,0,1,0,0
1320394,481,11,8415,110,0,1,0,0
1320394,244,11,8125,138,0,1,0,0
1320394,255,8,4831,23,0,1,0,0
0,500,1,0,0,1,0,1,1
0,500,1,0,0,1,0,1,1
0,500,1,0,0,1,0,1,1
0,500,1,0,0,1,0,1,1
0,500,1,0,0,1,0,1,1
0,500,1,0,0,0,1,0,0
0,500,1,0,0,0,1,0,0
0,500,1,0,0,0,1,0,0
0,500,1,0,0,0,1,0,0
0,500,1,0,0,0,1,0,0
60018,0,1,0,0,1,0,1,1
60018,0,1,0,0,1,0,1,1
60018,0,1,0,0,1,0,1,1
60018,0,1,0,0,1,0,1,1
60018,0,1,0,0,1,0,1,1
60018,0,1,0,0,0,1,0,0
60018,0,1,0,0,0,1,0,0
60018,0,1,0,0,0,1,0,0
60018,0,1,0,0,0,1,0,0
60018,0,1,0,0,0,1,0,0
120036,63,1,181,2,1,0,1,1
120036,170,2,427,0,1,0,1,1
120036,126,1,270,6,1,0,1,1
120036,84,1,113,3,1,0,1,1
120036,23,1,113,0,1,0,1,1
120036,63,1,211,2,0,1,0,0
120036,121,2,320,0,0,1,0,0
120036,42,1,181,1,0,1,0,0
120036,84,1,113,3,0,1,0,0
120036,23,1,113,0,0,1,0,0
180051,676,3,848,7,1,0,1,1
180051,648,3,1035,0,1,0,1,1
180051,494,3,904,18,1,0,1,1
180051,416,2,450,15,1,0,1,1
180051,177,2,450,0,1,0,1,1
180051,276,3,722,7,0,1,0,0
180051,518,3,843,0,0,1,0,0
180051,248,3,770,6,0,1,0,0
180051,444,2,487,17,0,1,0,0
180051,178,2,487,1,0,1,0,0
240077,1406,4,1564,12,1,0,1,1
240077,1430,4,1708,3,1,0,1,1
240077,185,4,1385,24,1,0,1,1
240077,760,3,846,25,1,0,1,1
240077,406,3,846,1,1,0,1,1
240077,504,3,1116,13,0,1,0,0
240077,795,3,1132,0,0,1,0,0
240077,861,4,1360,15,0,1,0,0
240077,767,3,864,26,0,1,0,0
240077,415,3,864,4,0,1,0,0
300101,297,5,1984,19,1,0,1,1
300101,229,5,1951,3,1,0,1,1
300101,133,5,1930,31,1,0,1,1
300101,1057,4,1342,35,1,0,1,1
300101,640,4,1222,1,1,0,1,1
300101,447,4,1659,22,0,1,0,0
300101,253,4,1376,0,0,1,0,0
300101,1342,5,2324,20,0,1,0,0
300101,1001,3,1052,32,0,1,0,0
300101,549,3,1052,4,0,1,0,0
360106,475,6,2525,22,1,0,1,1
360106,657,6,2530,3,1,0,1,1
360106,473,6,2624,41,1,0,1,1
360106,1369,5,1759,46,1,0,1,1
360106,5,4,1428,1,1,0,1,1
360106,724,5,2049,31,0,1,0,0
360106,645,5,1878,0,0,1,0,0
360106,199,6,2594,22,0,1,0,0
360106,101,4,1372,34,0,1,0,0
360106,284,4,1372,4,0,1,0,0
420117,1156,7,3257,35,1,0,1,1
420117,1335,6,3061,5,1,0,1,1
420117,321,6,3135,50,1,0,1,1
420117,56,5,2093,50,1,0,1,1
420117,153,4,1518,2,1,0,1,1
420117,88,5,2231,33,0,1,0,0
420117,1002,5,2398,0,0,1,0,0
420117,723,7,3456,31,0,1,0,0
420117,478,5,1766,46,0,1,0,0
420117,474,5,1737,7,0,1,0,0
480123,200,7,3446,37,1,0,1,1
480123,427,7,3251,7,1,0,1,1
480123,532,7,3649,57,1,0,1,1
480123,387,6,2624,59,1,0,1,1
480123,388,5,1899,3,1,0,1,1
480123,1328,7,3286,43,0,1,0,0
480123,1566,6,3108,1,0,1,0,0
480123,1148,7,3821,37,0,1,0,0
480123,746,5,2017,51,0,1,0,0
480123,608,5,1868,7,0,1,0,0
540152,954,8,4482,46,1,0,1,1
540152,869,7,3882,7,1,0,1,1
540152,1066,8,4223,69,1,0,1,1
540152,245,6,2814,63,1,0,1,1
540152,142,5,2089,4,1,0,1,1
540152,421,7,3618,47,0,1,0,0
540152,1818,7,3554,2,0,1,0,0
540152,1430,8,4254,42,0,1,0,0
540152,1489,6,2652,62,0,1,0,0
540152,1033,5,2368,11,0,1,0,0
600164,1302,9,5093,56,1,0,1,1
600164,1410,8,4281,11,1,0,1,1
600164,1279,8,4741,74,1,0,1,1
600164,730,7,3290,75,1,0,1,1
600164,402,6,2698,4,1,0,1,1
600164,362,7,4037,54,0,1,0,0
600164,25,7,3919,2,0,1,0,0
600164,1664,8,4795,49,0,1,0,0
600164,374,6,2765,65,0,1,0,0
600164,188,6,2489,12,0,1,0,0
660190,1654,9,5727,66,1,0,1,1
660190,1847,9,5042,11,1,0,1,1
660190,230,8,4993,78,1,0,1,1
660190,1542,7,3879,85,1,0,1,1
660190,1007,7,3286,5,1,0,1,1
660190,749,8,4701,66,0,1,0,0
660190,486,8,4568,3,0,1,0,0
660190,2414,9,5498,58,0,1,0,0
660190,260,6,2896,69,0,1,0,0
660190,87,6,2620,13,0,1,0,0
720200,401,10,6587,72,1,0,1,1
720200,2189,9,5570,11,1,0,1,1
720200,567,9,5627,87,1,0,1,1
720200,164,7,3972,85,1,0,1,1
720200,694,7,3379,8,1,0,1,1
720200,392,8,4761,67,0,1,0,0
720200,94,9,5045,3,0,1,0,0
720200,249,9,6072,65,0,1,0,0
720200,1029,7,3630,81,0,1,0,0
720200,544,7,3264,15,0,1,0,0
780216,1472,11,7448,82,1,0,1,1
780216,3878,10,6554,19,1,0,1,1
780216,415,9,5958,92,1,0,1,1
780216,676,8,4597,97,1,0,1,1
780216,1075,7,3642,8,1,0,1,1
780216,606,9,5065,69,0,1,0,0
780216,216,9,5045,3,0,1,0,0
780216,799,10,6739,80,0,1,0,0
780216,1422,8,4251,89,0,1,0,0
780216,843,7,3896,17,0,1,0,0
840241,173,11,8183,83,1,0,1,1
840241,4399,11,7303,24,1,0,1,1
840241,1232,10,6438,97,1,0,1,1
840241,53,8,4993,108,1,0,1,1
840241,480,7,4038,8,1,0,1,1
840241,1112,9,6006,85,0,1,0,0
840241,511,9,5265,7,0,1,0,0
840241,322,10,6845,81,0,1,0,0
840241,327,8,4290,90,0,1,0,0
840241,70,7,3981,17,0,1,0,0
900248,414,12,8696,90,1,0,1,1
900248,156,11,7803,24,1,0,1,1
900248,238,10,6648,102,1,0,1,1
900248,280,9,5380,114,1,0,1,1
900248,650,8,4061,9,1,0,1,1
900248,1427,10,6275,85,0,1,0,0
900248,874,9,5796,7,0,1,0,0
900248,536,10,7055,84,0,1,0,0
900248,1093,8,4952,106,0,1,0,0
900248,310,8,4233,20,0,1,0,0
960265,1448,12,9334,99,1,0,1,1
960265,858,12,8740,24,1,0,1,1
960265,1077,11,7708,110,1,0,1,1
960265,1378,10,6533,119,1,0,1,1
960265,525,8,4194,9,1,0,1,1
960265,292,10,6564,88,0,1,0,0
960265,210,9,5934,8,0,1,0,0
960265,251,10,7175,86,0,1,0,0
960265,347,9,5403,111,0,1,0,0
960265,450,8,4259,20,0,1,0,0
1020291,2735,13,10208,100,1,0,1,1
1020291,300,12,9110,24,1,0,1,1
1020291,129,11,8039,110,1,0,1,1
1020291,419,10,7101,125,1,0,1,1
1020291,61,8,4276,9,1,0,1,1
1020291,571,10,7237,92,0,1,0,0
1020291,648,10,6620,13,0,1,0,0
1020291,46,11,7340,86,0,1,0,0
1020291,720,9,5892,111,0,1,0,0
1020291,871,9,5087,23,0,1,0,0
1080322,777,13,10415,100,1,0,1,1
1080322,839,13,10016,24,1,0,1,1
1080322,410,12,8666,116,1,0,1,1
1080322,1075,11,7860,131,1,0,1,1
1080322,492,9,5122,12,1,0,1,1
1080322,1029,11,7842,109,0,1,0,0
1080322,1218,10,7176,16,0,1,0,0
1080322,169,11,7613,86,0,1,0,0
1080322,416,10,6508,117,0,1,0,0
1080322,1011,9,5527,23,0,1,0,0
1140340,46,13,10478,101,1,0,1,1
1140340,1096,13,10427,26,1,0,1,1
1140340,637,12,8788,118,1,0,1,1
1140340,1260,11,8055,134,1,0,1,1
1140340,332,9,5147,12,1,0,1,1
1140340,2172,12,8809,110,0,1,0,0
1140340,210,11,7349,20,0,1,0,0
1140340,369,11,8425,90,0,1,0,0
1140340,355,10,6681,122,0,1,0,0
1140340,402,9,5637,23,0,1,0,0
1200369,742,13,11275,103,1,0,1,1
1200369,29,13,10427,26,1,0,1,1
1200369,879,12,9093,122,1,0,1,1
1200369,1920,11,8508,141,1,0,1,1
1200369,687,9,5715,13,1,0,1,1
1200369,2793,12,9671,114,0,1,0,0
1200369,239,11,8377,24,0,1,0,0
1200369,267,12,8927,91,0,1,0,0
1200369,681,11,7416,127,0,1,0,0
1200369,257,10,6388,23,0,1,0,0
1260373,864,13,11275,103,1,0,1,1
1260373,531,13,11141,26,1,0,1,1
1260373,1179,12,9391,125,1,0,1,1
1260373,499,12,8806,144,1,0,1,1
1260373,930,10,6425,15,1,0,1,1
1260373,350,12,9916,114,0,1,0,0
1260373,282,11,8466,24,0,1,0,0
1260373,521,12,9206,95,0,1,0,0
1260373,89,11,8111,139,0,1,0,0
1260373,537,10,6657,24,0,1,0,0
1320373,987,13,11437,103,1,0,1,1
1320373,594,13,11307,26,1,0,1,1
1320373,1352,12,9629,125,1,0,1,1
1320373,817,12,9052,148,1,0,1,1
1320373,991,10,6543,15,1,0,1,1
1320373,403,12,9916,114,0,1,0,0
1320373,275,11,8466,24,0,1,0,0
1320373,614,12,9206,95,0,1,0,0
1320373,152,11,8111,139,0,1,0,0
1320373,48,10,6657,24,0,1,0,0
0,500,1,0,0,0,1,0,0
0,500,1,0,0,0,1,0,0
0,500,1,0,0,0,1,0,0
0,500,1,0,0,0,1,0,0
0,500,1,0,0,0,1,0,0
0,500,1,0,0,1,0,1,1
0,500,1,0,0,1,0,1,1
0,500,1,0,0,1,0,1,1
0,500,1,0,0,1,0,1,1
0,500,1,0,0,1,0,1,1
60025,0,1,0,0,0,1,0,0
60025,0,1,0,0,0,1,0,0
60025,0,1,0,0,0,1,0,0
60025,0,1,0,0,0,1,0,0
60025,0,1,0,0,0,1,0,0
60025,0,1,0,0,1,0,1,1
60025,0,1,0,0,1,0,1,1
60025,0,1,0,0,1,0,1,1
60025,0,1,0,0,1,0,1,1
60025,0,1,0,0,1,0,1,1
120029,62,1,120,2,0,1,0,0
120029,20,1,0,0,0,1,0,0
120029,48,1,240,2,0,1,0,0
120029,41,1,181,1,0,1,0,0
120029,22,1,0,0,0,1,0,0
120029,90,1,270,4,1,0,1,1
120029,209,2,338,0,1,0,1,1
120029,97,1,211,4,1,0,1,1
120029,499,1,177,0,1,0,1,1
120029,372,1,56,0,1,0,1,1
180055,248,2,451,6,0,1,0,0
180055,328,2,475,0,0,1,0,0
180055,297,2,632,9,0,1,0,0
180055,224,1,277,2,0,1,0,0
180055,217,2,455,1,0,1,0,0
180055,205,2,505,6,1,0,1,1
180055,538,3,703,0,1,0,1,1
180055,402,3,875,15,1,0,1,1
180055,959,3,665,10,1,0,1,1
180055,916,2,483,4,1,0,1,1
240060,592,4,1175,16,0,1,0,0
240060,162,2,600,0,0,1,0,0
240060,525,4,1385,16,0,1,0,0
240060,564,3,727,14,0,1,0,0
240060,415,3,905,4,0,1,0,0
240060,292,3,711,9,1,0,1,1
240060,833,3,955,0,1,0,1,1
240060,904,4,1437,21,1,0,1,1
240060,237,3,1071,16,1,0,1,1
240060,193,3,708,6,1,0,1,1
300076,1403,4,1597,19,0,1,0,0
300076,612,4,1284,3,0,1,0,0
300076,811,4,1719,17,0,1,0,0
300076,434,3,852,17,0,1,0,0
300076,287,3,1001,5,0,1,0,0
300076,676,4,1156,13,1,0,1,1
300076,1383,4,1325,0,1,0,1,1
300076,69,5,1801,27,1,0,1,1
300076,871,4,1522,26,1,0,1,1
300076,537,4,1170,8,1,0,1,1
360098,160,5,1867,24,0,1,0,0
360098,955,4,1677,3,0,1,0,0
360098,311,5,2023,21,0,1,0,0
360098,700,3,1087,22,0,1,0,0
360098,188,4,1236,6,0,1,0,0
360098,427,4,1519,16,1,0,1,1
360098,236,4,1530,0,1,0,1,1
360098,345,5,2372,36,1,0,1,1
360098,1366,5,1917,35,1,0,1,1
360098,919,4,1595,10,1,0,1,1
420120,401,6,2411,31,0,1,0,0
420120,1474,5,2051,3,0,1,0,0
420120,468,5,2173,23,0,1,0,0
420120,920,4,1418,27,0,1,0,0
420120,37,4,1475,6,0,1,0,0
420120,633,5,1912,20,1,0,1,1
420120,528,5,1877,0,1,0,1,1
420120,107,6,2705,38,1,0,1,1
420120,1736,5,2323,45,1,0,1,1
420120,1168,5,1820,12,1,0,1,1
480126,621,6,2803,36,0,1,0,0
480126,1871,6,2633,3,0,1,0,0
480126,812,6,2679,33,0,1,0,0
480126,1070,4,1508,29,0,1,0,0
480126,192,4,1628,7,0,1,0,0
480126,100,5,2032,22,1,0,1,1
480126,751,5,2063,0,1,0,1,1
480126,394,6,3158,46,1,0,1,1
480126,315,6,2496,48,1,0,1,1
480126,178,5,1932,12,1,0,1,1
540134,960,7,3647,46,0,1,0,0
540134,2181,6,3054,3,0,1,0,0
540134,1012,6,3071,37,0,1,0,0
540134,291,4,1590,29,0,1,0,0
540134,397,5,2045,11,0,1,0,0
540134,265,5,2303,24,1,0,1,1
540134,978,5,2279,0,1,0,1,1
540134,704,7,3793,55,1,0,1,1
540134,820,6,2947,63,1,0,1,1
540134,499,5,2384,15,1,0,1,1
600155,131,8,4310,52,0,1,0,0
600155,206,7,3443,5,0,1,0,0
600155,20,7,3245,38,0,1,0,0
600155,413,4,1590,29,0,1,0,0
600155,34,5,2254,13,0,1,0,0
600155,584,6,3027,33,1,0,1,1
600155,1819,6,2776,2,1,0,1,1
600155,1503,8,4523,70,1,0,1,1
600155,1754,7,3616,72,1,0,1,1
600155,602,6,2863,16,1,0,1,1
660186,448,8,4855,59,0,1,0,0
660186,534,7,3844,5,0,1,0,0
660186,372,7,3705,48,0,1,0,0
660186,744,5,2134,37,0,1,0,0
660186,258,6,2594,15,0,1,0,0
660186,1027,7,3733,42,1,0,1,1
660186,2212,7,3305,2,1,0,1,1
660186,1810,8,4831,76,1,0,1,1
660186,324,7,3822,78,1,0,1,1
660186,909,6,3144,20,1,0,1,1
720186,1422,9,5490,68,0,1,0,0
720186,1564,8,4705,10,0,1,0,0
720186,728,8,4094,50,0,1,0,0
720186,887,6,2435,38,0,1,0,0
720186,323,6,2806,15,0,1,0,0
720186,1299,7,3911,42,1,0,1,1
720186,94,7,3544,2,1,0,1,1
720186,2286,9,5466,85,1,0,1,1
720186,960,8,4382,90,1,0,1,1
720186,1098,7,3719,23,1,0,1,1
780208,39,9,5659,68,0,1,0,0
780208,2261,9,5140,17,0,1,0,0
780208,218,8,4544,60,0,1,0,0
780208,159,6,2435,38,0,1,0,0
780208,189,6,2806,15,0,1,0,0
780208,304,8,4420,50,1,0,1,1
780208,457,7,3951,2,1,0,1,1
780208,54,9,5736,89,1,0,1,1
780208,170,8,4475,94,1,0,1,1
780208,39,7,3813,23,1,0,1,1
840232,472,10,6459,79,0,1,0,0
840232,129,9,5450,17,0,1,0,0
840232,404,8,4848,63,0,1,0,0
840232,282,6,2435,38,0,1,0,0
840232,329,6,3148,15,0,1,0,0
840232,905,9,5098,56,1,0,1,1
840232,1117,8,4971,8,1,0,1,1
840232,637,10,6192,97,1,0,1,1
840232,1066,8,4888,101,1,0,1,1
840232,570,8,4225,26,1,0,1,1
900256,70,10,7231,90,0,1,0,0
900256,251,9,5450,17,0,1,0,0
900256,1126,9,5413,63,0,1,0,0
900256,551,6,3142,47,0,1,0,0
900256,650,7,3898,16,0,1,0,0
900256,1168,9,5639,64,1,0,1,1
900256,1850,9,5663,12,1,0,1,1
900256,809,10,6493,97,1,0,1,1
900256,1579,9,5188,101,1,0,1,1
900256,110,8,4579,26,1,0,1,1
960287,676,11,7888,101,0,1,0,0
960287,1599,10,6152,28,0,1,0,0
960287,1317,9,5673,63,0,1,0,0
960287,709,7,3910,49,0,1,0,0
960287,222,8,4296,19,0,1,0,0
960287,1563,10,6366,76,1,0,1,1
960287,2188,10,6254,12,1,0,1,1
960287,194,10,6796,101,1,0,1,1
960287,242,9,5560,106,1,0,1,1
960287,372,8,4883,29,1,0,1,1
1020300,292,11,8331,106,0,1,0,0
1020300,345,10,6515,34,0,1,0,0
1020300,1954,10,6459,67,0,1,0,0
1020300,26,8,4220,53,0,1,0,0
1020300,112,8,4900,19,0,1,0,0
1020300,4,10,7001,86,1,0,1,1
1020300,261,11,7325,12,1,0,1,1
1020300,423,10,7038,105,1,0,1,1
1020300,834,9,5849,106,1,0,1,1
1020300,673,9,5370,31,1,0,1,1
1080324,485,12,8845,110,0,1,0,0
1080324,835,11,7653,40,0,1,0,0
1080324,110,10,6730,72,0,1,0,0
1080324,283,8,4457,53,0,1,0,0
1080324,266,9,5080,20,0,1,0,0
1080324,189,10,7152,90,1,0,1,1
1080324,804,11,8167,18,1,0,1,1
1080324,741,11,7499,107,1,0,1,1
1080324,1229,10,6443,117,1,0,1,1
1080324,24,9,5812,33,1,0,1,1
1140325,749,13,10021,120,0,1,0,0
1140325,608,11,7944,44,0,1,0,0
1140325,282,10,6968,72,0,1,0,0
1140325,622,9,5103,61,0,1,0,0
1140325,589,9,5546,23,0,1,0,0
1140325,353,11,7553,93,1,0,1,1
1140325,126,11,8228,18,1,0,1,1
1140325,1383,11,8145,114,1,0,1,1
1140325,15,10,6666,121,1,0,1,1
1140325,365,10,6233,34,1,0,1,1
1200348,1045,13,10327,123,0,1,0,0
1200348,55,11,8499,49,0,1,0,0
1200348,579,10,7271,78,0,1,0,0
1200348,1037,9,5858,73,0,1,0,0
1200348,324,10,6317,25,0,1,0,0
1200348,476,11,7553,93,1,0,1,1
1200348,538,12,8867,18,1,0,1,1
1200348,35,11,8145,114,1,0,1,1
1200348,270,10,6908,125,1,0,1,1
1200348,505,10,6233,34,1,0,1,1
1260352,372,13,10627,129,0,1,0,0
1260352,638,12,9063,49,0,1,0,0
1260352,12,11,7474,84,0,1,0,0
1260352,388,10,6238,78,0,1,0,0
1260352,615,10,6814,25,0,1,0,0
1260352,640,11,8337,109,1,0,1,1
1260352,812,12,9318,18,1,0,1,1
1260352,331,11,8508,120,1,0,1,1
1260352,897,11,8153,137,1,0,1,1
1260352,570,10,6233,34,1,0,1,1
1320377,689,13,10991,136,0,1,0,0
1320377,1102,12,9819,53,0,1,0,0
1320377,618,11,8133,92,0,1,0,0
1320377,244,10,6509,83,0,1,0,0
1320377,274,10,7182,25,0,1,0,0
1320377,63,11,8337,109,1,0,1,1
1320377,1312,13,10057,31,1,0,1,1
1320377,454,11,8565,120,1,0,1,1
1320377,173,12,9123,148,1,0,1,1
1320377,41,10,6364,34,1,0,1,1
1380404,12,13,11334,136,0,1,0,0
1380404,1144,13,10253,53,0,1,0,0
1380404,969,11,8527,101,0,1,0,0
1380404,798,11,7416,100,0,1,0,0
1380404,519,11,7451,26,0,1,0,0
1380404,318,12,9042,117,1,0,1,1
1380404,1098,13,10646,34,1,0,1,1
1380404,984,12,9435,129,1,0,1,1
1380404,415,12,9469,148,1,0,1,1
1380404,181,10,6724,34,1,0,1,1
1440405,226,14,11608,138,0,1,0,0
1440405,741,13,11365,60,0,1,0,0
1440405,390,12,9211,107,0,1,0,0
1440405,650,11,7868,103,0,1,0,0
1440405,274,11,7568,26,0,1,0,0
1440405,507,12,9217,117,1,0,1,1
1440405,107,13,10845,39,1,0,1,1
1440405,1284,12,9611,131,1,0,1,1
1440405,318,12,9862,154,1,0,1,1
1440405,232,10,6747,35,1,0,1,1
1500423,544,14,11972,145,0,1,0,0
1500423,842,14,11841,72,0,1,0,0
1500423,612,12,9359,107,0,1,0,0
1500423,314,12,8740,113,0,1,0,0
1500423,415,11,7830,26,0,1,0,0
1500423,742,12,9427,121,1,0,1,1
1500423,1330,14,11956,49,1,0,1,1
1500423,157,12,9667,131,1,0,1,1
1500423,984,13,10864,163,1,0,1,1
1500423,633,11,7508,37,1,0,1,1
1560451,1528,14,12502,149,0,1,0,0
1560451,529,14,11947,73,0,1,0,0
1560451,1152,13,10032,109,0,1,0,0
1560451,688,12,9497,124,0,1,0,0
1560451,680,11,8505,26,0,1,0,0
1560451,1055,12,9669,122,1,0,1,1
1560451,1542,14,12398,50,1,0,1,1
1560451,669,13,10206,132,1,0,1,1
1560451,2035,14,11554,172,1,0,1,1
1560451,198,11,8082,37,1,0,1,1
1620460,297,15,13075,152,0,1,0,0
1620460,971,14,12806,73,0,1,0,0
1620460,1817,13,10525,114,0,1,0,0
1620460,866,12,9728,127,0,1,0,0
1620460,1000,12,9044,28,0,1,0,0
1620460,691,13,9972,128,1,0,1,1
1620460,604,14,12828,50,1,0,1,1
1620460,366,13,10334,132,1,0,1,1
1620460,563,14,11819,178,1,0,1,1
1620460,429,11,8508,38,1,0,1,1
1680486,789,15,13802,165,0,1,0,0
1680486,1492,15,13637,79,0,1,0,0
1680486,689,13,10525,114,0,1,0,0
1680486,139,13,10304,138,0,1,0,0
1680486,75,12,9044,28,0,1,0,0
1680486,563,13,10601,131,1,0,1,1
1680486,1141,15,13737,57,1,0,1,1
1680486,648,13,10522,137,1,0,1,1
1680486,1078,14,12721,193,1,0,1,1
1680486,494,11,8531,38,1,0,1,1
1740496,1006,15,13974,165,0,1,0,0
1740496,390,15,13754,79,0,1,0,0
1740496,1172,13,10773,114,0,1,0,0
1740496,673,13,11241,154,0,1,0,0
1740496,215,12,9044,28,0,1,0,0
1740496,848,13,11334,132,1,0,1,1
1740496,2191,15,14661,65,1,0,1,1
1740496,958,13,11163,142,1,0,1,1
1740496,1748,15,13429,193,1,0,1,1
1740496,797,12,9393,38,1,0,1,1
1800527,1359,15,14640,175,0,1,0,0
1800527,863,15,14357,85,0,1,0,0
1800527,128,13,11077,119,0,1,0,0
1800527,100,13,11353,156,0,1,0,0
1800527,116,12,9308,29,0,1,0,0
1800527,1078,14,12624,141,1,0,1,1
1800527,64,16,15528,65,1,0,1,1
1800527,755,14,12095,145,1,0,1,1
1800527,1731,16,15541,212,1,0,1,1
1800527,1237,13,10752,38,1,0,1,1
1860547,32,16,14854,176,0,1,0,0
1860547,427,16,15632,88,0,1,0,0
1860547,566,13,11348,120,0,1,0,0
1860547,851,14,12859,167,0,1,0,0
1860547,332,12,9627,29,0,1,0,0
1860547,341,15,13770,142,1,0,1,1
1860547,843,17,17041,75,1,0,1,1
1860547,1511,15,13254,162,1,0,1,1
1860547,3087,17,16872,223,1,0,1,1
1860547,190,13,11302,38,1,0,1,1
1920558,545,16,15502,181,0,1,0,0
1920558,1376,16,16282,95,0,1,0,0
1920558,869,14,12145,124,0,1,0,0
1920558,1616,15,13978,186,0,1,0,0
1920558,598,13,10686,29,0,1,0,0
1920558,640,15,13977,142,1,0,1,1
1920558,1268,17,17494,80,1,0,1,1
1920558,53,15,13254,162,1,0,1,1
1920558,1181,17,16933,224,1,0,1,1
1920558,451,14,11516,40,1,0,1,1
1980591,627,17,16492,186,0,1,0,0
1980591,2388,17,16639,95,0,1,0,0
1980591,1273,14,12979,127,0,1,0,0
1980591,2202,16,14760,200,0,1,0,0
1980591,398,14,11641,30,0,1,0,0
1980591,811,15,14417,145,1,0,1,1
1980591,1391,17,17494,80,1,0,1,1
1980591,379,15,13630,164,1,0,1,1
1980591,1303,17,16933,224,1,0,1,1
1980591,592,14,11516,40,1,0,1,1
2040616,1277,17,17391,200,0,1,0,0
2040616,111,17,16639,95,0,1,0,0
2040616,591,15,14273,134,0,1,0,0
2040616,153,16,14820,202,0,1,0,0
2040616,538,14,12236,30,0,1,0,0
2040616,455,16,14853,146,1,0,1,1
2040616,1657,17,18121,81,1,0,1,1
2040616,591,15,14175,165,1,0,1,1
2040616,2575,17,17653,232,1,0,1,1
2040616,807,14,12492,40,1,0,1,1
2100628,628,17,17750,208,0,1,0,0
2100628,1348,17,17798,104,0,1,0,0
2100628,437,16,15897,140,0,1,0,0
2100628,698,16,15676,214,0,1,0,0
2100628,1225,15,14147,31,0,1,0,0
2100628,677,16,14853,146,1,0,1,1
2100628,244,18,19775,88,1,0,1,1
2100628,1420,16,15480,172,1,0,1,1
2100628,3474,18,18773,241,1,0,1,1
2100628,1248,15,13740,40,1,0,1,1
2160628,464,17,17750,208,0,1,0,0
2160628,1532,17,18138,110,0,1,0,0
2160628,464,16,15897,140,0,1,0,0
2160628,755,16,15676,214,0,1,0,0
2160628,1300,15,14337,31,0,1,0,0
2160628,720,16,15060,146,1,0,1,1
2160628,240,18,19775,88,1,0,1,1
2160628,-823,16,15480,172,1,0,1,1
2160628,1160,18,18773,241,1,0,1,1
2160628,1293,16,14801,40,1,0,1,1
0,500,1,0,0,0,1,1,0
0,500,1,0,0,0,1,1,0
0,500,1,0,0,0,1,1,0
0,500,1,0,0,0,1,1,0
0,500,1,0,0,0,1,1,0
0,500,1,0,0,1,0,0,1
0,500,1,0,0,1,0,0,1
0,500,1,0,0,1,0,0,1
0,500,1,0,0,1,0,0,1
0,500,1,0,0,1,0,0,1
60009,0,1,0,0,0,1,1,0
60009,0,1,0,0,0,1,1,0
60009,0,1,0,0,0,1,1,0
60009,0,1,0,0,0,1,1,0
60009,0,1,0,0,0,1,1,0
60009,0,1,0,0,1,0,0,1
60009,0,1,0,0,1,0,0,1
60009,0,1,0,0,1,0,0,1
60009,0,1,0,0,1,0,0,1
60009,0,1,0,0,1,0,0,1
120032,55,1,150,2,0,1,1,0
120032,120,1,13,0,0,1,1,0
120032,760,1,13,0,0,1,1,0
120032,140,1,13,0,0,1,1,0
120032,240,1,123,0,0,1,1,0
120032,41,1,120,1,1,0,0,1
120032,20,1,6,0,1,0,0,1
120032,20,1,6,0,1,0,0,1
120032,320,1,6,0,1,0,0,1
120032,7,1,6,0,1,0,0,1
180060,276,2,601,8,0,1,1,0
180060,414,2,473,0,0,1,1,0
180060,1266,2,548,4,0,1,1,0
180060,369,2,450,6,0,1,1,0
180060,475,2,500,0,0,1,1,0
180060,383,3,733,6,1,0,0,1
180060,584,2,458,1,1,0,0,1
180060,269,2,578,8,1,0,0,1
180060,64,1,127,1,1,0,0,1
180060,143,1,6,0,1,0,0,1
240071,176,3,998,13,0,1,1,0
240071,636,3,891,0,0,1,1,0
240071,1551,4,1272,12,0,1,1,0
240071,547,3,740,9,0,1,1,0
240071,8,3,669,1,0,1,1,0
240071,55,4,1156,11,1,0,0,1
240071,927,3,848,1,1,0,0,1
240071,104,3,1029,14,1,0,0,1
240071,634,2,564,10,1,0,0,1
240071,407,3,776,5,1,0,0,1
300098,459,4,1483,19,0,1,1,0
300098,51,3,1114,0,0,1,1,0
300098,1824,5,1884,18,0,1,1,0
300098,55,3,860,11,0,1,1,0
300098,220,3,1093,5,0,1,1,0
300098,261,5,1791,16,1,0,0,1
300098,1234,4,1173,1,1,0,0,1
300098,412,5,1753,22,1,0,0,1
300098,1029,3,978,23,1,0,0,1
300098,563,4,1190,6,1,0,0,1
360116,694,5,1844,25,0,1,1,0
360116,819,5,1775,5,0,1,1,0
360116,499,5,2184,23,0,1,1,0
360116,170,3,1111,14,0,1,1,0
360116,126,4,1467,5,0,1,1,0
360116,526,6,2429,25,1,0,0,1
360116,1539,5,1736,1,1,0,0,1
360116,219,5,2117,27,1,0,0,1
360116,72,4,1416,27,1,0,0,1
360116,68,4,1340,7,1,0,0,1
420142,309,6,2537,30,0,1,1,0
420142,1220,5,2159,10,0,1,1,0
420142,1111,7,3208,32,0,1,1,0
420142,1044,4,1476,20,0,1,1,0
420142,606,5,1831,7,0,1,1,0
420142,1101,7,3435,32,1,0,0,1
420142,396,5,1966,1,1,0,0,1
420142,397,5,2358,30,1,0,0,1
420142,32,4,1509,31,1,0,0,1
420142,115,4,1555,10,1,0,0,1
480168,640,6,3081,39,0,1,1,0
480168,578,6,2531,10,0,1,1,0
480168,150,7,3562,37,0,1,1,0
480168,125,4,1702,26,0,1,1,0
480168,466,5,2058,7,0,1,1,0
480168,208,7,3558,33,1,0,0,1
480168,708,5,2323,1,1,0,0,1
480168,131,6,3022,41,1,0,0,1
480168,328,5,1934,38,1,0,0,1
480168,250,4,1555,10,1,0,0,1
540177,812,7,3412,42,0,1,1,0
540177,823,6,2862,10,0,1,1,0
540177,439,8,4186,44,0,1,1,0
540177,457,5,2210,38,0,1,1,0
540177,687,6,2467,7,0,1,1,0
540177,640,8,4323,48,1,0,0,1
540177,251,6,2543,1,1,0,0,1
540177,470,7,3745,51,1,0,0,1
540177,859,5,2331,45,1,0,0,1
540177,84,4,1555,10,1,0,0,1
600178,1275,8,4331,50,0,1,1,0
600178,881,7,3339,10,0,1,1,0
600178,869,8,4728,52,0,1,1,0
600178,671,6,2495,43,0,1,1,0
600178,37,6,2542,7,0,1,1,0
600178,1132,8,4924,60,1,0,0,1
600178,506,6,2854,3,1,0,0,1
600178,192,7,3823,51,1,0,0,1
600178,1456,6,3051,55,1,0,0,1
600178,431,5,2156,13,1,0,0,1
660210,148,8,4360,50,0,1,1,0
660210,1221,7,3532,12,0,1,1,0
660210,1460,9,5354,58,0,1,1,0
660210,157,6,2785,43,0,1,1,0
660210,450,6,3043,11,0,1,1,0
660210,214,9,5424,60,1,0,0,1
660210,314,6,3037,3,1,0,0,1
660210,464,8,4186,57,1,0,0,1
660210,2371,7,3658,62,1,0,0,1
660210,296,6,2403,13,1,0,0,1
720240,270,8,4360,50,0,1,1,0
720240,1760,7,3981,13,0,1,1,0
720240,40,9,5610,58,0,1,1,0
720240,487,7,3312,48,0,1,1,0
720240,924,7,3597,12,0,1,1,0
720240,414,9,5754,65,1,0,0,1
720240,536,7,3200,3,1,0,0,1
720240,151,8,4319,57,1,0,0,1
720240,206,7,3817,65,1,0,0,1
720240,51,6,2712,14,1,0,0,1
780272,745,9,5099,64,0,1,1,0
780272,2157,8,4647,13,0,1,1,0
780272,757,10,6613,70,0,1,1,0
780272,714,7,3649,54,0,1,1,0
780272,89,7,3710,12,0,1,1,0
780272,627,9,6025,70,1,0,0,1
780272,1387,7,3871,4,1,0,0,1
780272,-92,8,4657,62,1,0,0,1
780272,609,8,4438,78,1,0,0,1
780272,249,6,2880,17,1,0,0,1
840277,401,9,5459,72,0,1,1,0
840277,2433,9,5118,13,0,1,1,0
840277,349,11,7424,77,0,1,1,0
840277,1532,8,4131,60,0,1,1,0
840277,447,8,4191,13,0,1,1,0
840277,1157,10,6659,81,1,0,0,1
840277,427,7,3871,4,1,0,0,1
840277,522,9,5350,75,1,0,0,1
840277,48,8,4748,81,1,0,0,1
840277,514,6,3117,18,1,0,0,1
900281,783,9,5941,78,0,1,1,0
900281,280,9,5292,13,0,1,1,0
900281,794,11,8058,88,0,1,1,0
900281,2317,8,4613,63,0,1,1,0
900281,873,8,4478,15,0,1,1,0
900281,1322,10,6869,84,1,0,0,1
900281,219,8,4211,4,1,0,0,1
900281,798,9,5654,80,1,0,0,1
900281,212,8,4959,84,1,0,0,1
900281,248,7,3495,18,1,0,0,1
960284,1426,10,6635,87,0,1,1,0
960284,463,9,5366,14,0,1,1,0
960284,312,11,8166,88,0,1,1,0
960284,328,8,4696,63,0,1,1,0
960284,317,8,4563,15,0,1,1,0
960284,2074,10,7172,85,1,0,0,1
960284,654,8,4803,5,1,0,0,1
960284,1033,9,5933,80,1,0,0,1
960284,512,10,6291,87,1,0,0,1
960284,425,7,3727,18,1,0,0,1
1020312,28,10,6635,87,0,1,1,0
1020312,870,9,5960,14,0,1,1,0
1020312,960,11,8535,91,0,1,1,0
1020312,451,8,4954,63,0,1,1,0
1020312,457,8,4825,15,0,1,1,0
1020312,383,11,7472,90,1,0,0,1
1020312,1361,9,5429,5,1,0,0,1
1020312,1349,10,6467,87,1,0,0,1
1020312,1265,10,6821,93,1,0,0,1
1020312,565,7,3964,18,1,0,0,1
1080332,764,10,6982,88,0,1,1,0
1080332,142,10,6339,14,0,1,1,0
1080332,233,11,8535,91,0,1,1,0
1080332,229,9,5105,67,0,1,1,0
1080332,177,8,4976,16,0,1,1,0
1080332,1147,11,8074,94,1,0,0,1
1080332,67,9,6115,5,1,0,0,1
1080332,1843,11,7425,92,1,0,0,1
1080332,238,10,7267,93,1,0,0,1
1080332,706,7,4011,18,1,0,0,1
1140344,287,10,6982,88,0,1,1,0
1140344,456,10,6646,18,0,1,1,0
1140344,308,12,8760,91,0,1,1,0
1140344,743,9,5797,77,0,1,1,0
1140344,610,9,5672,17,0,1,1,0
1140344,191,12,8630,95,1,0,0,1
1140344,609,10,6854,6,1,0,0,1
1140344,390,11,7788,98,1,0,0,1
1140344,1722,12,8606,111,1,0,0,1
1140344,1342,9,5691,23,1,0,0,1
1200373,526,11,7414,90,0,1,1,0
1200373,582,10,7104,18,0,1,1,0
1200373,431,12,8760,91,0,1,1,0
1200373,460,9,5969,77,0,1,1,0
1200373,269,10,6364,21,0,1,1,0
1200373,388,12,8915,95,1,0,0,1
1200373,1092,11,7587,6,1,0,0,1
1200373,644,11,8270,102,1,0,0,1
1200373,1004,12,8907,111,1,0,0,1
1200373,307,10,6140,23,1,0,0,1
1260374,474,11,7745,93,0,1,1,0
1260374,2202,11,8040,22,0,1,1,0
1260374,273,12,9130,91,0,1,1,0
1260374,917,10,6884,84,0,1,1,0
1260374,141,10,7064,22,0,1,1,0
1260374,149,12,9358,99,1,0,0,1
1260374,1400,11,8056,7,1,0,0,1
1260374,117,11,8270,102,1,0,0,1
1260374,711,12,9295,116,1,0,0,1
1260374,198,10,6629,23,1,0,0,1
1320377,701,11,8257,99,0,1,1,0
1320377,685,11,8253,22,0,1,1,0
1320377,166,12,9343,91,0,1,1,0
1320377,240,10,6884,84,0,1,1,0
1320377,56,11,7316,22,0,1,1,0
1320377,376,12,9748,105,1,0,0,1
1320377,87,12,8683,7,1,0,0,1
1320377,739,12,9190,102,1,0,0,1
1320377,2136,13,9966,117,1,0,0,1
1320377,463,10,7153,23,1,0,0,1
1380404,160,12,8682,103,0,1,1,0
1380404,992,12,8712,22,0,1,1,0
1380404,158,12,9776,91,0,1,1,0
1380404,860,11,8013,98,0,1,1,0
1380404,225,11,7630,24,0,1,1,0
1380404,801,13,10339,108,1,0,0,1
1380404,800,12,9334,7,1,0,0,1
1380404,1447,13,10067,115,1,0,0,1
1380404,85,13,10477,124,1,0,0,1
1380404,813,11,7772,27,1,0,0,1
1440434,481,12,9200,114,0,1,1,0
1440434,244,12,8753,22,0,1,1,0
1440434,684,13,10328,93,0,1,1,0
1440434,982,11,8013,98,0,1,1,0
1440434,515,11,8112,24,0,1,1,0
1440434,1495,13,10911,109,1,0,0,1
1440434,1170,13,10167,9,1,0,0,1
1440434,1344,13,10869,115,1,0,0,1
1440434,670,13,10806,124,1,0,0,1
1440434,178,11,8199,27,1,0,0,1
1500436,603,12,9200,114,0,1,1,0
1500436,537,12,9297,22,0,1,1,0
1500436,827,13,10388,93,0,1,1,0
1500436,405,11,8013,98,0,1,1,0
1500436,955,12,8686,24,0,1,1,0
1500436,2343,14,12568,109,1,0,0,1
1500436,792,13,10952,9,1,0,0,1
1500436,2200,14,12097,123,1,0,0,1
1500436,1926,14,12472,129,1,0,0,1
1500436,293,12,9323,27,1,0,0,1
1560464,301,12,9556,114,0,1,1,0
1560464,194,12,9838,22,0,1,1,0
1560464,139,13,11373,93,0,1,1,0
1560464,1897,12,9573,108,0,1,1,0
1560464,550,12,9271,26,0,1,1,0
1560464,1008,14,12778,109,1,0,0,1
1560464,565,13,10952,9,1,0,0,1
1560464,822,14,12264,123,1,0,0,1
1560464,1104,14,12630,129,1,0,0,1
1560464,734,12,9504,27,1,0,0,1
1620472,1107,13,10527,125,0,1,1,0
1620472,786,13,10671,28,0,1,1,0
1620472,707,14,11960,93,0,1,1,0
1620472,282,12,9941,110,0,1,1,0
1620472,69,12,9866,27,0,1,1,0
1620472,2131,15,13688,115,1,0,0,1
1620472,737,13,10952,9,1,0,0,1
1620472,1144,14,12967,126,1,0,0,1
1620472,1526,15,13190,132,1,0,0,1
1620472,724,13,10388,27,1,0,0,1
1680490,1340,13,10740,127,0,1,1,0
1680490,308,13,10879,28,0,1,1,0
1680490,975,14,12199,98,0,1,1,0
1680490,759,13,10498,122,0,1,1,0
1680490,210,13,10183,27,0,1,1,0
1680490,2528,15,14197,115,1,0,0,1
1680490,1264,14,11642,9,1,0,0,1
1680490,-233,15,13129,126,1,0,0,1
1680490,1893,15,13603,136,1,0,0,1
1680490,976,13,10559,29,1,0,0,1
1740490,496,13,11225,132,0,1,1,0
1740490,515,13,11067,28,0,1,1,0
1740490,7,14,12199,98,0,1,1,0
1740490,891,13,10498,123,0,1,1,0
1740490,364,13,10242,28,0,1,1,0
1740490,301,15,14295,115,1,0,0,1
1740490,725,14,11956,16,1,0,0,1
1740490,-12,15,13538,127,1,0,0,1
1740490,2438,15,14179,142,1,0,0,1
1740490,1266,13,11237,29,1,0,0,1
1800491,996,13,11285,134,0,1,1,0
1800491,1316,14,12147,36,0,1,1,0
1800491,180,14,12199,98,0,1,1,0
1800491,754,13,11302,123,0,1,1,0
1800491,278,13,11282,31,0,1,1,0
1800491,697,16,14865,121,1,0,0,1
1800491,1025,14,12424,17,1,0,0,1
1800491,706,15,14299,134,1,0,0,1
1800491,184,15,14394,148,1,0,0,1
1800491,106,14,11451,29,1,0,0,1
1860493,608,14,12389,142,0,1,1,0
1860493,638,14,12559,36,0,1,1,0
1860493,1079,15,13303,109,0,1,1,0
1860493,1502,14,12124,132,0,1,1,0
1860493,667,14,12172,39,0,1,1,0
1860493,372,16,15017,124,1,0,0,1
1860493,298,14,12575,17,1,0,0,1
1860493,755,16,15027,145,1,0,0,1
1860493,513,15,14582,149,1,0,0,1
1860493,347,14,11572,29,1,0,0,1
1920518,981,15,13146,153,0,1,1,0
1920518,1480,15,14013,36,0,1,1,0
1920518,2077,15,14295,109,0,1,1,0
1920518,2453,15,13631,137,0,1,1,0
1920518,1343,15,13677,40,0,1,1,0
1920518,794,16,15437,124,1,0,0,1
1920518,420,14,12575,17,1,0,0,1
1920518,1112,16,15687,150,1,0,0,1
1920518,788,16,14794,154,1,0,0,1
1920518,487,14,11723,29,1,0,0,1
1980531,1379,15,13413,153,0,1,1,0
1980531,912,15,14013,36,0,1,1,0
1980531,150,15,14295,109,0,1,1,0
1980531,115,15,13782,138,0,1,1,0
1980531,618,15,13677,40,0,1,1,0
1980531,916,16,15467,124,1,0,0,1
1980531,328,14,12899,17,1,0,0,1
1980531,-66,16,15687,150,1,0,0,1
1980531,550,16,15298,158,1,0,0,1
1980531,628,14,11833,29,1,0,0,1
2040537,203,15,13413,153,0,1,1,0
2040537,1176,15,14623,36,0,1,1,0
2040537,593,15,14592,109,0,1,1,0
2040537,238,15,13782,138,0,1,1,0
2040537,384,15,14212,41,0,1,1,0
2040537,1086,16,15940,124,1,0,0,1
2040537,1137,15,13323,17,1,0,0,1
2040537,150,16,16139,153,1,0,0,1
2040537,1135,16,15778,161,1,0,0,1
2040537,865,14,12483,29,1,0,0,1
2100543,570,15,14045,158,0,1,1,0
2100543,131,16,15054,38,0,1,1,0
2100543,26,15,14592,109,0,1,1,0
2100543,476,15,13945,145,0,1,1,0
2100543,638,15,14413,44,0,1,1,0
2100543,585,17,16700,135,1,0,0,1
2100543,1519,15,13921,17,1,0,0,1
2100543,475,16,16438,156,1,0,0,1
2100543,858,16,15926,161,1,0,0,1
2100543,1035,14,12694,29,1,0,0,1
2160554,214,15,14318,162,0,1,1,0
2160554,1164,16,16134,39,0,1,1,0
2160554,783,16,15761,109,0,1,1,0
2160554,1428,16,15147,145,0,1,1,0
2160554,1054,16,15548,44,0,1,1,0
2160554,636,17,17530,136,1,0,0,1
2160554,1642,15,13960,17,1,0,0,1
2160554,763,17,16832,158,1,0,0,1
2160554,1146,16,16172,163,1,0,0,1
2160554,276,15,13441,29,1,0,0,1
2220586,811,16,15139,163,0,1,1,0
2220586,336,17,16734,39,0,1,1,0
2220586,40,17,16756,109,0,1,1,0
2220586,1405,16,16013,145,0,1,1,0
2220586,1654,17,16749,49,0,1,1,0
2220586,788,17,17647,136,1,0,0,1
2220586,1370,15,14420,18,1,0,0,1
2220586,1045,17,17133,164,1,0,0,1
2220586,894,16,16384,166,1,0,0,1
2220586,416,15,13592,29,1,0,0,1
2280617,1477,16,16292,181,0,1,1,0
2280617,608,17,17177,39,0,1,1,0
2280617,453,17,17122,110,0,1,1,0
2280617,2069,16,16479,156,0,1,1,0
2280617,557,17,16851,51,0,1,1,0
2280617,1196,17,18153,145,1,0,0,1
2280617,1597,16,14700,18,1,0,0,1
2280617,1431,17,17669,171,1,0,0,1
2280617,1044,17,16667,168,1,0,0,1
2280617,571,15,13875,30,1,0,0,1
2340628,150,16,16292,181,0,1,1,0
2340628,731,17,17177,39,0,1,1,0
2340628,659,17,17393,115,0,1,1,0
2340628,41,16,16479,156,0,1,1,0
2340628,698,17,16851,51,0,1,1,0
2340628,1842,18,19057,145,1,0,0,1
2340628,2919,16,15664,19,1,0,0,1
2340628,1725,18,18674,172,1,0,0,1
2340628,2342,17,17552,175,1,0,0,1
2340628,811,15,14673,30,1,0,0,1
2400656,462,17,16829,181,0,1,1,0
2400656,853,17,17253,39,0,1,1,0
2400656,720,17,17901,128,0,1,1,0
2400656,164,16,16479,156,0,1,1,0
2400656,880,17,17040,53,0,1,1,0
2400656,14,18,19781,146,1,0,0,1
2400656,2292,17,16499,19,1,0,0,1
2400656,37,18,19544,176,1,0,0,1
2400656,2591,18,18610,181,1,0,0,1
2400656,1201,16,15524,30,1,0,0,1
2460656,720,17,17086,181,0,1,1,0
2460656,1109,17,17629,43,0,1,1,0
2460656,558,18,18428,137,0,1,1,0
2460656,592,17,16906,165,0,1,1,0
2460656,1021,17,17165,53,0,1,1,0
2460656,620,18,20417,153,1,0,0,1
2460656,2533,17,16861,20,1,0,0,1
2460656,333,18,19815,182,1,0,0,1
2460656,2910,18,19293,183,1,0,0,1
2460656,1425,16,16266,32,1,0,0,1
2520656,661,17,17147,182,0,1,1,0
2520656,1148,17,17629,43,0,1,1,0
2520656,73,18,18758,137,0,1,1,0
2520656,587,17,17236,165,0,1,1,0
2520656,1171,17,17495,53,0,1,1,0
2520656,616,18,21510,160,1,0,0,1
2520656,2935,17,17954,20,1,0,0,1
2520656,1021,18,20419,184,1,0,0,1
2520656,4041,18,20386,186,1,0,0,1
2520656,1929,17,17392,35,1,0,0,1
0,500,1,0,0,1,0,1,1
0,500,1,0,0,1,0,1,1
0,500,1,0,0,1,0,1,1
0,500,1,0,0,1,0,1,1
0,500,1,0,0,1,0,1,1
0,500,1,0,0,0,1,0,0
0,500,1,0,0,0,1,0,0
0,500,1,0,0,0,1,0,0
0,500,1,0,0,0,1,0,0
0,500,1,0,0,0,1,0,0
60027,0,1,0,0,1,0,1,1
60027,0,1,0,0,1,0,1,1
60027,0,1,0,0,1,0,1,1
60027,0,1,0,0,1,0,1,1
60027,0,1,0,0,1,0,1,1
60027,0,1,0,0,0,1,0,0
60027,0,1,0,0,0,1,0,0
60027,0,1,0,0,0,1,0,0
60027,0,1,0,0,0,1,0,0
60027,0,1,0,0,0,1,0,0
120037,84,1,181,3,1,0,1,1
120037,121,2,320,0,1,0,1,1
120037,77,1,211,3,1,0,1,1
120037,98,1,131,4,1,0,1,1
120037,63,1,131,0,1,0,1,1
120037,84,1,181,3,0,1,0,0
120037,121,2,320,0,0,1,0,0
120037,42,1,120,1,0,1,0,0
120037,42,1,113,1,0,1,0,0
120037,23,1,113,0,0,1,0,0
180067,840,3,946,13,1,0,1,1
180067,463,3,710,0,1,0,1,1
180067,347,3,815,10,1,0,1,1
180067,420,2,508,13,1,0,1,1
180067,338,2,508,1,1,0,1,1
180067,234,2,333,5,0,1,0,0
180067,433,3,688,0,0,1,0,0
180067,410,3,773,13,0,1,0,0
180067,276,2,412,7,0,1,0,0
180067,178,2,473,1,0,1,0,0
240091,1305,4,1214,15,1,0,1,1
240091,921,3,1139,0,1,0,1,1
240091,540,4,1405,14,1,0,1,1
240091,676,3,861,21,1,0,1,1
240091,533,3,770,1,1,0,1,1
240091,567,3,1023,18,0,1,0,0
240091,718,3,1042,0,0,1,0,0
240091,624,4,1285,18,0,1,0,0
240091,522,3,700,11,0,1,0,0
240091,394,3,731,3,0,1,0,0
300107,1786,5,1802,23,1,0,1,1
300107,1449,4,1460,1,1,0,1,1
300107,112,4,1495,16,1,0,1,1
300107,97,3,973,24,1,0,1,1
300107,237,3,973,1,1,0,1,1
300107,143,4,1524,27,0,1,0,0
300107,940,4,1230,0,0,1,0,0
300107,399,5,1918,30,0,1,0,0
300107,40,4,1182,22,0,1,0,0
300107,34,4,1243,6,0,1,0,0
360115,2077,6,2494,32,1,0,1,1
360115,1761,5,1824,1,1,0,1,1
360115,410,5,2129,24,1,0,1,1
360115,318,4,1270,30,1,0,1,1
360115,412,4,1180,1,1,0,1,1
360115,266,4,1584,27,0,1,0,0
360115,1122,4,1361,1,0,1,0,0
360115,693,6,2576,37,0,1,0,0
360115,169,4,1388,25,0,1,0,0
360115,232,4,1660,9,0,1,0,0
420125,137,6,3146,38,1,0,1,1
420125,2103,5,2247,1,1,0,1,1
420125,756,6,2730,37,1,0,1,1
420125,729,4,1642,37,1,0,1,1
420125,1094,5,1795,4,1,0,1,1
420125,151,5,2034,31,0,1,0,0
420125,1447,5,1797,1,0,1,0,0
420125,452,6,2935,46,0,1,0,0
420125,849,5,1973,34,0,1,0,0
420125,516,5,1970,9,0,1,0,0
480150,475,7,3631,47,1,0,1,1
480150,2638,6,2792,12,1,0,1,1
480150,305,6,3150,40,1,0,1,1
480150,311,4,1682,37,1,0,1,1
480150,1624,5,2333,4,1,0,1,1
480150,482,6,2728,40,0,1,0,0
480150,-192,5,1853,2,0,1,0,0
480150,947,7,3540,55,0,1,0,0
480150,266,5,2282,38,0,1,0,0
480150,706,5,2215,12,0,1,0,0
540160,786,8,4262,59,1,0,1,1
540160,310,6,3034,12,1,0,1,1
540160,584,7,3788,48,1,0,1,1
540160,89,5,2101,47,1,0,1,1
540160,1394,6,2752,6,1,0,1,1
540160,675,6,3048,44,0,1,0,0
540160,250,6,2503,2,0,1,0,0
540160,1286,8,4114,65,0,1,0,0
540160,403,5,2342,39,0,1,0,0
540160,137,5,2276,13,0,1,0,0
600191,1121,8,4925,68,1,0,1,1
600191,994,7,3889,13,1,0,1,1
600191,76,8,4162,52,1,0,1,1
600191,287,5,2353,54,1,0,1,1
600191,739,6,2884,6,1,0,1,1
600191,1086,7,3730,57,0,1,0,0
600191,472,6,2860,2,0,1,0,0
600191,83,8,4114,65,0,1,0,0
600191,765,6,2817,50,0,1,0,0
600191,357,6,2601,15,0,1,0,0
660192,1411,9,5560,77,1,0,1,1
660192,1266,8,4250,14,1,0,1,1
660192,502,8,4885,67,1,0,1,1
660192,1091,6,2881,63,1,0,1,1
660192,1262,7,3412,8,1,0,1,1
660192,1459,8,4424,69,0,1,0,0
660192,220,6,3057,2,0,1,0,0
660192,425,8,4837,75,0,1,0,0
660192,237,6,2910,53,0,1,0,0
660192,506,6,2755,16,0,1,0,0
720221,47,9,5860,81,1,0,1,1
720221,1768,9,5051,14,1,0,1,1
720221,841,9,5557,76,1,0,1,1
720221,1297,6,3050,68,1,0,1,1
720221,763,7,3581,8,1,0,1,1
720221,322,8,4758,73,0,1,0,0
720221,1041,7,3506,3,0,1,0,0
720221,825,9,5472,88,0,1,0,0
720221,1084,7,3498,66,0,1,0,0
720221,757,7,3342,19,0,1,0,0
780223,928,10,6537,88,1,0,1,1
780223,2325,9,5735,14,1,0,1,1
780223,427,9,5813,77,1,0,1,1
780223,702,7,3574,72,1,0,1,1
780223,103,7,3643,8,1,0,1,1
780223,63,9,5118,80,0,1,0,0
780223,-182,7,3760,3,0,1,0,0
780223,1157,9,6073,100,0,1,0,0
780223,1469,7,3716,73,0,1,0,0
780223,521,7,3531,19,0,1,0,0
840247,828,10,7111,98,1,0,1,1
840247,2812,10,6475,14,1,0,1,1
840247,804,10,6447,86,1,0,1,1
840247,1441,7,4030,79,1,0,1,1
840247,574,7,3736,8,1,0,1,1
840247,372,9,5511,87,0,1,0,0
840247,-109,7,3760,3,0,1,0,0
840247,591,10,6525,107,0,1,0,0
840247,383,8,4271,86,0,1,0,0
840247,573,7,3663,22,0,1,0,0
900266,360,11,7685,107,1,0,1,1
900266,3214,10,7159,14,1,0,1,1
900266,1108,10,7036,93,1,0,1,1
900266,361,8,4777,87,1,0,1,1
900266,301,8,4273,8,1,0,1,1
900266,1276,10,6589,98,0,1,0,0
900266,183,8,4256,3,0,1,0,0
900266,927,10,7265,121,0,1,0,0
900266,29,8,4681,89,0,1,0,0
900266,24,7,3746,22,0,1,0,0
960298,1104,11,8518,117,1,0,1,1
960298,257,11,7370,18,1,0,1,1
960298,465,11,7307,98,1,0,1,1
960298,233,8,4777,87,1,0,1,1
960298,492,8,4273,8,1,0,1,1
960298,2366,11,7675,111,0,1,0,0
960298,506,8,4795,3,0,1,0,0
960298,1584,11,7778,131,0,1,0,0
960298,397,9,5169,97,0,1,0,0
960298,244,7,3770,23,0,1,0,0
1020304,221,12,9033,124,1,0,1,1
1020304,1044,11,8215,27,1,0,1,1
1020304,152,11,7307,98,1,0,1,1
1020304,505,9,5414,87,1,0,1,1
1020304,122,8,4273,8,1,0,1,1
1020304,759,11,8446,112,0,1,0,0
1020304,138,9,5698,4,0,1,0,0
1020304,269,11,8482,138,0,1,0,0
1020304,234,9,5352,100,0,1,0,0
1020304,190,8,4209,23,0,1,0,0
1080330,518,12,9396,130,1,0,1,1
1080330,1456,12,8880,31,1,0,1,1
1080330,379,11,7762,105,1,0,1,1
1080330,389,9,5537,89,1,0,1,1
1080330,334,8,4766,12,1,0,1,1
1080330,372,12,8745,118,0,1,0,0
1080330,360,9,5999,5,0,1,0,0
1080330,454,12,8753,142,0,1,0,0
1080330,489,9,5750,108,0,1,0,0
1080330,420,8,4414,24,0,1,0,0
1140334,1080,12,9726,130,1,0,1,1
1140334,92,12,9237,35,1,0,1,1
1140334,1049,11,8160,106,1,0,1,1
1140334,389,9,6005,92,1,0,1,1
1140334,525,9,5185,12,1,0,1,1
1140334,1528,13,9968,125,0,1,0,0
1140334,1254,11,7503,6,0,1,0,0
1140334,627,12,8869,142,0,1,0,0
1140334,83,9,5922,109,0,1,0,0
1140334,310,8,4541,24,0,1,0,0
1200352,1833,13,10936,131,1,0,1,1
1200352,1451,13,10431,35,1,0,1,1
1200352,1317,12,8591,111,1,0,1,1
1200352,700,10,6570,99,1,0,1,1
1200352,315,9,5794,12,1,0,1,1
1200352,48,13,10214,131,0,1,0,0
1200352,-239,11,7987,6,0,1,0,0
1200352,1149,12,9892,154,0,1,0,0
1200352,665,10,6981,122,0,1,0,0
1200352,101,9,5053,24,0,1,0,0
1260381,245,14,11608,143,1,0,1,1
1260381,97,13,10617,35,1,0,1,1
1260381,1470,12,8727,112,1,0,1,1
1260381,969,10,7066,108,1,0,1,1
1260381,612,9,6017,12,1,0,1,1
1260381,415,13,10787,141,0,1,0,0
1260381,-31,11,8418,6,0,1,0,0
1260381,22,12,9892,154,0,1,0,0
1260381,1053,11,7480,134,0,1,0,0
1260381,373,9,5381,27,0,1,0,0
1320381,813,14,12227,146,1,0,1,1
1320381,954,13,11139,35,1,0,1,1
1320381,1864,12,9310,112,1,0,1,1
1320381,1771,11,8258,119,1,0,1,1
1320381,1014,10,6958,12,1,0,1,1
1320381,137,13,10787,141,0,1,0,0
1320381,91,11,8418,6,0,1,0,0
1320381,144,12,9892,154,0,1,0,0
1320381,1328,11,7845,138,0,1,0,0
1320381,528,9,5579,28,0,1,0,0
1380387,1596,14,12998,153,1,0,1,1
1380387,1596,14,12121,42,1,0,1,1
1380387,210,12,9441,114,1,0,1,1
1380387,2530,12,9302,132,1,0,1,1
1380387,1363,11,7863,13,1,0,1,1
1380387,329,13,10993,145,0,1,0,0
1380387,352,12,8846,7,0,1,0,0
1380387,684,13,10679,170,0,1,0,0
1380387,227,11,8140,143,0,1,0,0
1380387,268,9,5700,28,0,1,0,0
1440407,2169,15,13518,154,1,0,1,1
1440407,784,14,12478,46,1,0,1,1
1440407,546,12,9951,115,1,0,1,1
1440407,3104,12,9721,142,1,0,1,1
1440407,1741,11,8282,16,1,0,1,1
1440407,578,14,11444,152,0,1,0,0
1440407,475,12,8936,7,0,1,0,0
1440407,912,13,10966,176,0,1,0,0
1440407,409,11,8271,147,0,1,0,0
1440407,418,9,5937,28,0,1,0,0
1500417,182,15,14092,160,1,0,1,1
1500417,25,15,13621,53,1,0,1,1
1500417,719,13,10344,115,1,0,1,1
1500417,176,12,9721,142,1,0,1,1
1500417,241,11,8282,16,1,0,1,1
1500417,1861,15,13224,167,0,1,0,0
1500417,-3,12,9162,7,0,1,0,0
1500417,34,13,10966,176,0,1,0,0
1500417,1833,12,9892,159,0,1,0,0
1500417,309,11,7371,28,0,1,0,0
1560421,412,15,14294,161,1,0,1,1
1560421,713,15,14351,53,1,0,1,1
1560421,900,13,10674,116,1,0,1,1
1560421,436,13,10018,142,1,0,1,1
1560421,503,11,8576,22,1,0,1,1
1560421,3075,15,14200,172,0,1,0,0
1560421,821,13,10935,7,0,1,0,0
1560421,623,14,11898,186,0,1,0,0
1560421,2211,13,10962,163,0,1,0,0
1560421,724,12,8912,30,0,1,0,0
1620429,534,15,14294,161,1,0,1,1
1620429,85,15,14351,53,1,0,1,1
1620429,172,13,10674,116,1,0,1,1
1620429,744,13,10294,142,1,0,1,1
1620429,302,12,8975,26,1,0,1,1
1620429,1144,16,15333,176,0,1,0,0
1620429,-247,14,11535,7,0,1,0,0
1620429,145,14,12498,186,0,1,0,0
1620429,536,14,11974,165,0,1,0,0
1620429,190,12,9791,30,0,1,0,0
1680461,557,15,14380,162,1,0,1,1
1680461,353,15,14596,53,1,0,1,1
1680461,294,13,11043,116,1,0,1,1
1680461,680,13,10921,146,1,0,1,1
1680461,57,12,9430,28,1,0,1,1
1680461,2416,16,16125,176,0,1,0,0
1680461,76,14,12667,7,0,1,0,0
1680461,229,15,13060,187,0,1,0,0
1680461,1612,14,12862,166,0,1,0,0
1680461,515,13,10687,30,0,1,0,0
1740463,679,15,14404,162,1,0,1,1
1740463,630,16,15097,54,1,0,1,1
1740463,459,13,11282,119,1,0,1,1
1740463,1088,13,11311,151,1,0,1,1
1740463,268,12,9924,32,1,0,1,1
1740463,393,17,16852,188,0,1,0,0
1740463,517,15,13413,7,0,1,0,0
1740463,325,15,14090,205,0,1,0,0
1740463,1537,15,13380,175,0,1,0,0
1740463,691,13,10970,32,0,1,0,0
1800488,1171,16,15434,176,1,0,1,1
1800488,2292,16,16291,64,1,0,1,1
1800488,1631,14,12748,128,1,0,1,1
1800488,321,14,12639,151,1,0,1,1
1800488,607,13,11371,35,1,0,1,1
1800488,922,17,17533,197,0,1,0,0
1800488,-5,15,13959,7,0,1,0,0
1800488,942,16,14844,211,0,1,0,0
1800488,2461,15,14069,179,0,1,0,0
1800488,991,14,11719,32,0,1,0,0
1860521,1999,17,16820,186,1,0,1,1
1860521,514,16,16291,64,1,0,1,1
1860521,254,14,12748,128,1,0,1,1
1860521,685,14,12930,151,1,0,1,1
1860521,172,13,11371,35,1,0,1,1
1860521,1094,17,17755,197,0,1,0,0
1860521,238,15,14319,8,0,1,0,0
1860521,951,16,15802,224,0,1,0,0
1860521,135,15,14337,179,0,1,0,0
1860521,202,14,12248,33,0,1,0,0
1920545,2421,17,17419,192,1,0,1,1
1920545,902,17,16821,70,1,0,1,1
1920545,412,14,13010,130,1,0,1,1
1920545,1320,15,13534,158,1,0,1,1
1920545,460,14,11712,40,1,0,1,1
1920545,1475,17,18196,204,0,1,0,0
1920545,-89,15,14319,8,0,1,0,0
1920545,413,16,16295,229,0,1,0,0
1920545,503,15,14687,184,0,1,0,0
1920545,344,14,12469,33,0,1,0,0
1980577,2703,17,18061,197,1,0,1,1
1980577,1567,17,17381,74,1,0,1,1
1980577,1012,15,13866,131,1,0,1,1
1980577,1692,15,14277,161,1,0,1,1
1980577,975,14,12591,40,1,0,1,1
1980577,2297,18,18942,208,0,1,0,0
1980577,209,16,15224,8,0,1,0,0
1980577,1501,17,17212,235,0,1,0,0
1980577,1250,16,15620,187,0,1,0,0
1980577,609,15,13430,33,0,1,0,0
2040598,110,17,18061,197,1,0,1,1
2040598,1765,17,17694,74,1,0,1,1
2040598,299,15,14274,131,1,0,1,1
2040598,514,15,14277,161,1,0,1,1
2040598,256,15,13038,40,1,0,1,1
2040598,320,18,18942,208,0,1,0,0
2040598,841,16,16218,10,0,1,0,0
2040598,34,17,17521,235,0,1,0,0
2040598,1372,16,15620,187,0,1,0,0
2040598,364,15,13611,34,0,1,0,0
2100619,1051,18,19833,209,1,0,1,1
2100619,2318,18,18904,75,1,0,1,1
2100619,898,16,15376,137,1,0,1,1
2100619,1163,16,15445,161,1,0,1,1
2100619,1026,15,14549,41,1,0,1,1
2100619,366,18,19610,221,0,1,0,0
2100619,-181,16,16460,10,0,1,0,0
2100619,420,17,18205,242,0,1,0,0
2100619,1893,17,16498,197,0,1,0,0
2100619,518,15,13900,35,0,1,0,0
2160636,1445,18,20863,222,1,0,1,1
2160636,2743,18,19270,85,1,0,1,1
2160636,1190,16,15849,141,1,0,1,1
2160636,1452,16,15757,166,1,0,1,1
2160636,1188,16,14901,42,1,0,1,1
2160636,593,18,19825,223,0,1,0,0
2160636,-109,17,16625,10,0,1,0,0
2160636,585,17,18283,245,0,1,0,0
2160636,2205,17,16713,203,0,1,0,0
2160636,688,15,14106,35,0,1,0,0
2220654,1680,18,20977,222,1,0,1,1
2220654,3165,18,19623,92,1,0,1,1
2220654,1872,17,16759,146,1,0,1,1
2220654,1956,16,16430,169,1,0,1,1
2220654,1475,16,15221,44,1,0,1,1
2220654,868,18,20327,228,0,1,0,0
2220654,103,17,16847,11,0,1,0,0
2220654,1055,18,19002,257,0,1,0,0
2220654,2418,17,16947,208,0,1,0,0
2220654,829,15,14348,35,0,1,0,0
2280654,1980,18,22096,235,1,0,1,1
2280654,4291,18,20929,96,1,0,1,1
2280654,1309,17,17047,146,1,0,1,1
2280654,2856,17,17764,180,1,0,1,1
2280654,2000,17,16677,48,1,0,1,1
2280654,854,18,20562,228,0,1,0,0
2280654,580,17,17357,11,0,1,0,0
2280654,200,18,20071,269,0,1,0,0
2280654,728,17,17789,210,0,1,0,0
2280654,307,15,14451,35,0,1,0,0